SrNo,Name,Registration,Address,SectorWorking
1,A & N KAYAKING & CANEOING ASSOCIATION,"1544, PORT BLAIR (ANDAMAN & NICOBAR ISLANDS)","C/O STATE OLYMPIC ASSOCIATION
NETAJI STADIUM
PORT BLAIR",Sports
2,A S MUSIC AND DANCE A CULTURAL ORGANIZATION,"1534, Port Blair (ANDAMAN & NICOBAR ISLANDS)","AS Music And Dance A Cultural Organization,
8,Air Lane Delanipur Port Blair,
South Andaman.744102",Data Not Found
3,Abhishweta Foundation,"20211011RS00016, Port Blair (ANDAMAN & NICOBAR ISLANDS)","Room No.604(1)-MB550, Near Urban Health Centre, Dairy Farm, Port Blair City, Andaman and Nicobar Islands 744103.","Science & Technology,Art & Culture,Biotechnology,Education & Literacy,Health & Family Welfare,Scientific & Industrial Research,Skill Development,Information & Communication Technology,Water Resources"
4,AdityaNatyaAcademy,"888, Port Blair (ANDAMAN & NICOBAR ISLANDS)","31 M.G. Road,
Opp. Sun Sea Resort,
Middle Point.","Art & Culture,Children,Education & Literacy,Skill Development"
5,Anandodhara,"1355, PORT BLAIR (ANDAMAN & NICOBAR ISLANDS)","C/o Baakprotima (SBI Building)
Junglighat
Port Blair-744103
South Andaman
PIN-744103",Art & Culture
6,ANDAMAN & NICOBAR KHO-KHO ASSOCIATION,"1211, PORT BLAIR (ANDAMAN & NICOBAR ISLANDS)","STATE OLYMPIC ASSOCIATION
NETAJI STADIUM",Sports
7,ANDAMAN & NICOBAR TAEKWONDO ASSOCIATION,"995, PORT BLAIR (ANDAMAN & NICOBAR ISLANDS)","ANDAMAN NICOBAR STATE OLYMPIC ASSOCIATION
NETAJI STADIUM",Sports
8,ANDAMAN AND NICOBAR CHESS ASSOCIATION,"689, PORT BLAIR (ANDAMAN & NICOBAR ISLANDS)","ANDAMAN NICOBAR CHESS ASSOCIATION11 KM ROAD, PREM NAGAR NEAR ELECTRICITY SITE OFFICE, PORT BLAIR 744102,
SOUTH ANDAMAN
ANDAMAN AND NICOBAR ISLANDS",Sports
9,ANDAMAN AND NICOBAR FOOTBALL ASSOCIATION,"27, KADAMTALA (ANDAMAN & NICOBAR ISLANDS)","C/O SAPNA BALA
PRESIDENT
EX-ZILLA PARISHAD MEMBER
",Sports
10,ANDAMAN AND NICOBAR STATE OLYMPIC ASSOCIATION,"1198, PORT BLAIR (ANDAMAN & NICOBAR ISLANDS)","Andaman and Nicobar State Olympic Association, Netaji Stadium, Port Blair,South Andaman, Andamanand Nicobar Islands
Ph: 03192-243001",Sports
1,ADIL GANDHIAN SOCIETY,"TSR 1/2004/2/of2004., Tura (MEGHALAYA)","Araimile,New Tura, West Garo Hills,Meghalaya","HIV/AIDS,Health & Family Welfare,Rural Development & Poverty Alleviation,Women's Development & Empowerment,Agriculture,Differently Abled"
2,AGENCY FOR SUSTAINABLE DEVELOPMENT INITIATIVES,"NEW REGN.NO SR/AFSDI-30-18 OF , Shillong (MEGHALAYA)","C/o K.J.P.Synod Sepngi
Church House
Mission Compound
Meghalaya, Shillong-793002","Children,Differently Abled,Disaster Management,Education & Literacy,Environment & Forests,Food Processing,Health & Family Welfare,HIV/AIDS,Human Rights,Legal Awareness & Aid,Labour & Employment,Micro Finance (SHGs),Rural Development & Poverty Alleviation,Tribal Affairs,Vocational Training,Women's Development & Empowerment,Any Other"
3,ALL MEGHALAYA MINORITIES STUDENTS' UNION,"TSR.1/2005/Pt-/1997 , SHILLONG (MEGHALAYA)","H.Q :-NEW BHAITBARI
P.O :- NEW BHAITBARI
P.S :- PHULBARI","Agriculture,Animal Husbandry, Dairying  &  Fisheries,Art & Culture,Children,Civic Issues,Education & Literacy,Human Rights,Information & Communication Technology,Labour & Employment,Legal Awareness & Aid,Minority Issues,Prisoner's Issues,Youth Affairs,Any Other"
4,ANNIE MARGARET BARR CHILDRENS VILLAGE,"SW/SD/3/87/Pt/4875-4968, Shillong (MEGHALAYA)","MAWSYNJRI, KHARANG","Children,Any Other"
5,ANTI CORRUPTION & HUMAN DEVELOPMENT ORGANISATION,"TSR. 1/2005/Pt-1/2095 OF 2018, Chibinang (MEGHALAYA)","Chibinang (Plain Belt) Tura, West Garo Hills, Meghalaya,794104",Data Not Found
6,Archdiocese of Shillong,"SR/TAS-416/88 of 1988, Shillong (MEGHALAYA)","Archbishop House
Laitumkhrah
Shillong 793003
Meghalaya","Education & Literacy,Health & Family Welfare,Nutrition,Vocational Training,Youth Affairs,Education & Literacy,Health & Family Welfare,Nutrition,Vocational Training,Youth Affairs"
7,ASHA REHABILITATION CENTRE SHILLONG,"SR/ARC-632/98 OF 1998, SHILLONG (MEGHALAYA)","ASHA REHABILITATION CENTRE
c/o 58 GORKHA TRAINING CENTRE,
HAPPY VALLEY",Differently Abled
8,AUXILIUM TRIBAL WOMEN AND CHILDREN WELFARE SOCIETY,"MEG-RoS/2019/00058, SHILLONG (MEGHALAYA)","AUXILIUM TRIBAL WOMEN AND CHILDREN WELFARE SOCIETYAuxilium Convent, Nongthymmai – Shillong 793014
East Khasi Hills - Meghalaya
",Data Not Found
9,AUXILIUM WELFARE SOCIETY MAWTNUM NONGPOH,"MEG-RoS/2019/00348, nongpoh (MEGHALAYA)","AUXILIUM WELFARE SOCIETY MAWTNUM NONGPOH
","Children,Education & Literacy,Vocational Training"
10,B P Rural Development Society,"E-16(RS)8/2005/34, Shillong (MEGHALAYA)","B P Rural Development Society, Behind R. K. Dispensary, Lummawrie, Laitumkhrah, Shillong",Art & Culture
1,1 ROTI GAU MATA KE NAAM TRUST,"31Jaipur2020, Jaipur (RAJASTHAN)","Plot No. 2, Bhadu Farm House Lane, Opp. Kamla Devi Budhiya School, 200 ft. Bypass, Ajmer Road, Heerapura, Jaipur-302021",Data Not Found
2,100Medals targeted foundation,"U85300RJ2021NPL077070, Jaipur (RAJASTHAN)","Flat No. 04, Primrose 1, Park Apartments Vatika, Infotech City, VillageThikaria, Jaipur, Rajasthan302026
",Sports
3,109 Chandan parshpadmawati trust,"17/2012/JODHPUR, JODHPUR (RAJASTHAN)","MAA PADMAWATI NAGAR, CHANDAN VATKA, TANAWADA FANTA, SALAWAS ROAD",Any Other
4,2.2K DIGITAL EDUSPORT ASSOCIATION ,"U85100RJ2022NPL080017, Bharatpur (RAJASTHAN)","C/O Saty Lekha, Jag Dish Singh,, Anirudh Nagar,, Bharatpur, Bharatpur, Rajasthan-321001","Sports,Skill Development,Education & Literacy,Rural Development & Poverty Alleviation,Any Other,Agriculture,Animal Husbandry, Dairying  &  Fisheries,Art & Culture,Biotechnology,Dalit Upliftment,Differently Abled,Disaster Management,Drinking Water,Aged/Elderly,Environment & Forests,Health & Family Welfare,Human Rights,Information & Communication Technology,Legal Awareness & Aid,Micro Small & Medium Enterprises,Minority Issues,New & Renewable Energy,Nutrition,Panchayati Raj,Science & Technology,Tribal Affairs,Water Resources,Women's Development & Empowerment,Youth Affairs"
5,3M DOT BANDS THEATRE FAMILY SOCIETY,"379/JAIPUR/2003-04, JAIPUR (RAJASTHAN)","837
FRONTIER COLONY
ADARSH NAGAR","Art & Culture,Any Other"
6,A BLESS OF CREATOR SOCIETY,"68/jaipur/2009-10, Jaipur (RAJASTHAN)","c-12,Lal kothi shopping centre ,between hotal jaipur palace and laxmi mandri cinema ,Tonk phatak  ,Jaipur-302015","Aged/Elderly,Agriculture,Children,Civic Issues,Differently Abled,Disaster Management,Dalit Upliftment,Drinking Water,Education & Literacy,Environment & Forests,HIV/AIDS,Human Rights,Information & Communication Technology,Legal Awareness & Aid,Labour & Employment,Micro Finance (SHGs),Minority Issues,Micro Small & Medium Enterprises,Right to Information & Advocacy,Rural Development & Poverty Alleviation,Scientific & Industrial Research,Science & Technology,Tribal Affairs,Tourism,Women's Development & Empowerment"
7,A Fundamental Organization For Rurali Development Society,"108/UDAIPUR/2009-10, Raomadra (RAJASTHAN)","Village Post-Rao Madra via Nandeshma, Tehsil-Gogunda, Udaipur, Rajasthan-313708","Agriculture,Art & Culture,Children,Dalit Upliftment,Education & Literacy,Environment & Forests,Information & Communication Technology,Micro Small & Medium Enterprises,Minority Issues,New & Renewable Energy,Vocational Training,Women's Development & Empowerment"
8,A Hand For Help Development Society,"184/Jaipur/12-13, Jaipur (RAJASTHAN)","A Hand for Help Development Society, 41 Jyoti Vihar Vistar, Mansarover, Jaipur","Civic Issues,Education & Literacy,Environment & Forests,Labour & Employment,Rural Development & Poverty Alleviation,Urban Development & Poverty Alleviation,Water Resources,Any Other"
9,A P JAIN BAL AND MAHILA VIKAS SAMITI,"54/ALWAR/1987-88, TIJARA (RAJASTHAN)","WARD NO 05, SHRI RAM COLONY, NEAR TEHSIL, TIJARA, ALWAR, RAJASTHAN ",Data Not Found
10,A.P.B.S.TRUST,"469514, JODHPUR (RAJASTHAN)","NEEM KI GALI,VEER MOHALLA,JODHPUR RAJASTHAN-342001","Agriculture,Art & Culture,Children,Civic Issues,Disaster Management,Education & Literacy,Human Rights,Land Resources,Women's Development & Empowerment,Animal Husbandry, Dairying  &  Fisheries,Biotechnology,Dalit Upliftment,Differently Abled,Drinking Water,Aged/Elderly,Environment & Forests,Food Processing,Health & Family Welfare,HIV/AIDS,Housing,Information & Communication Technology,Labour & Employment,Legal Awareness & Aid,Micro Finance (SHGs),Micro Small & Medium Enterprises,Minority Issues,Tourism,Urban Development & Poverty Alleviation,Water Resources,Youth Affairs"
1, 	  RADHAKANTA ES INSTITUTE OF COMPUTER TECHNOLOGY,"40241200175, Baleswar (ORISSA)","At/Po/Ps- Simulia, Dist- Balasore",Vocational Training
2,24MAHAKAL HELP FOUNDATION,"U853200R2020NPL034578, JAGATSINGHPUR (ORISSA)","SANTARA, KUJANG,JAGATSINGHPUR,ODISHA,754141","Children,Environment & Forests,Health & Family Welfare,Human Rights,Rural Development & Poverty Alleviation,Women's Development & Empowerment,Youth Affairs,Drinking Water,HIV/AIDS,Sports,Vocational Training"
3,2ND UNIVERSE,"41711401490, ROURKELA (ORISSA)",B 55 KOELNAGAR ROURKELA,"Children,Education & Literacy,Aged/Elderly,Micro Finance (SHGs),Women's Development & Empowerment"
4,360 DEGREE SOCIAL AND EDUCATIONAL TRUST,"41132211801, BHUBANESWAR (ORISSA)","HOUSE NO- S2/438(B), LANE NO- 15, SATYA SAI ENCLAVE, PO- KHANDAGIRI, KHORDA",Education & Literacy
5,3RD EYE FOUNDATION,"039980, BHUBANESWAR (ORISSA)","Flat No.401, Shanti Nivas, Bomikhal, Rasulgarh,Bhubaneswar-751010","Art & Culture,Biotechnology,Children,Civic Issues,Dalit Upliftment,Differently Abled,Disaster Management,Drinking Water,Education & Literacy,Aged/Elderly,Environment & Forests,Food Processing,Health & Family Welfare,HIV/AIDS,Housing,Human Rights,Nutrition,Science & Technology,Urban Development & Poverty Alleviation,Vocational Training,Women's Development & Empowerment,Youth Affairs,Any Other,Skill Development"
6,3rd Eye Foundation,"41081900647, BHUBANESWAR (ORISSA)","401,Shanti Nivas,Bomikhal
Near Esplanade mall,Rasulgarh","Micro Small & Medium Enterprises,Housing,Education & Literacy,Information & Communication Technology,Legal Awareness & Aid,Any Other"
7,4A ART EDUCATION TRAINING AND ENTERTAINMENT FOUNDATION,"U80900OR2019NPL031616, BHUBANESWAR (ORISSA)","FLAT NO-G10 / B6, HITECH PLAZA APPARTMEN, MADHIPUR,
BHUBANESWAR, Khordha, Orissa, India, 751002","Art & Culture,Education & Literacy,Environment & Forests,Human Rights,Information & Communication Technology,Legal Awareness & Aid,Women's Development & Empowerment,Any Other,Skill Development"
8,5T FOUNDATION,"U85300OR2021NPL036958, Bhubaneswar (ORISSA)","PLOT NO. 453/11, NUASAHI, NAYAPALLI",Data Not Found
9,7 Wonders Welfare Trust,"1081904747, Bhubaneswar (ORISSA)","Plot No-36/2059, Basanti Nilay, Santha Tulasi Sarovara, Near NH-16, Pahala, Bhubaneswar.","Agriculture,Animal Husbandry, Dairying  &  Fisheries,Art & Culture,Biotechnology,Children,Civic Issues,Dalit Upliftment,Differently Abled,Disaster Management,Drinking Water,Education & Literacy,Aged/Elderly,Environment & Forests,Food Processing,Health & Family Welfare,HIV/AIDS,Human Rights,Information & Communication Technology,Micro Finance (SHGs),Panchayati Raj,Science & Technology,Sports,Tribal Affairs,Urban Development & Poverty Alleviation,Vocational Training,Women's Development & Empowerment,Youth Affairs"
10,A C O R D,"4732/101, DHENKANAL (ORISSA)","AT-GUDIANALI
PO/DIST-DHENKANAL,PIN-759001,ODISHA","Education & Literacy,Aged/Elderly,Environment & Forests,HIV/AIDS,Sports,Tribal Affairs,Vocational Training,Women's Development & Empowerment,Youth Affairs"
1,AALAMARAM SOCIAL SERVICE SOCIETY,"149, LAWSPET (PUDUCHERRY)","NO.30, ARJUNAN STREET, KANNADY GARDERN, ",Education & Literacy
2,AANANTHA KUDIL CHARITABLE TRUST,"725, PUDUCHERRY (PUDUCHERRY)","NO 98, EDAIYANCHAVADY ROAD, KARUVADIKUPPAM, LAWSPET POST,PUDUCHERRY","Agriculture,Animal Husbandry, Dairying  &  Fisheries,Art & Culture,Biotechnology,Children,Civic Issues,Dalit Upliftment,Differently Abled"
3,Aathmalayaa Educational Public Trust,"0134 (05/17-18/T-0134), KARAIKAL (PUDUCHERRY)","School Road, Aathmalayaa Nagar,
Keezhakasakudy,
Karaikal",Education & Literacy
4,ABDUL GAFFAR ABDUL KAREEM SAIT EDUCATIONAL TRUST ,"611/2018, PUDUCHERRY (PUDUCHERRY)","568, M.G. ROAD,PUDUCHERRY605001.",Data Not Found
5,ACHARIYA EDUCATIONAL PUBLIC TRUST,"229/2000, PUDHCHERRY (PUDUCHERRY)","NO5, VASANTHA NAGAR,VILLIANUR, PUDUCHERRY.",Data Not Found
6,ADECOM Network,"108, Puducherry (PUDUCHERRY)","Plot. No.26 , Fourth Cross street, Extn., Mothilal Nagar, Moolakulam, Pondicherry -605 010","Right to Information & Advocacy,Rural Development & Poverty Alleviation,Women's Development & Empowerment,Children,Dalit Upliftment,Environment & Forests,Legal Awareness & Aid,Panchayati Raj,Vocational Training,Human Rights,Skill Development"
7,AGATHE ILLAM ORPHANAGE,"DOC NO. 2079 OF 2015 BOOK IV, PONDICHERRY (PUDUCHERRY)","NO. 47/1, FIFTH CROSS STREET, MOOGAMBIGAI NAGAR",Data Not Found
8,Agathin Aram Arivom Foundation,"378 of 2020, Puducherry (PUDUCHERRY)","No.14, First Floor, Vallalar Salai, RajaRajeswari Nagar, Near Andhra Maha Sabha, Puducherry.","Children,Differently Abled,Disaster Management,Education & Literacy,Environment & Forests,Skill Development,Health & Family Welfare"
9,AIC-PONDICHERRY ENGINEERING COLLEGE FOUNDATION,"U73200PY2018NPL008321, PONDICHERRY (PUDUCHERRY)","AIC-PONDICHERRY ENGINEERING COLLEGE FOUNDATION
PONDICHERRY ENGINEERING COLLEGE CAMPUS,,
PILLICHAVADY, PUDUCHERRY, Pondicherry, Pondicherry, India,
605014","Science & Technology,Information & Communication Technology"
10,Akshadha Foundation,"1465/2021, Puducherry (PUDUCHERRY)","No. 5, Kamaraj Salai, Pooranankuppam, Puducherry 605 007","Education & Literacy,Aged/Elderly"
1,	MIZO HMECHHE INSUIHKHAWM PAWL TLANGMAWI BRANCH,"NO 5 OF 1977, TLANGMAWI (MIZORAM)","MHIP TLANGMAWI BRANCH
TLANGMAWI
CHAMPHAI DIST",Data Not Found
2,	SAZEP BRAN MIZO HMEICHHE INSUIHKHAWM PAWL,"No. 5 of 1977, Champhai (MIZORAM)",SAZEP BRANCH,Women's Development & Empowerment
3,7 MOUNTAIN BAMBOO & NATURAL MATERIALS,"MSR 1402 of 08.04.2021, Mizoram (MIZORAM)","c/o King Marketing, House No F/F45
World Bank Road, Near Bridge
Falkland796017
Aizawl, Mizoram
",Data Not Found
4,Adullam Society,"MSR 394 of 11.10.2011, Aizawl (MIZORAM)","Zuangtui,II, Vengsang, Aizawl","Women's Development & Empowerment,Animal Husbandry, Dairying  &  Fisheries,Children,Civic Issues,Drinking Water,Education & Literacy,Aged/Elderly,Environment & Forests,Health & Family Welfare,Human Rights,Micro Finance (SHGs),Nutrition,Right to Information & Advocacy,Tribal Affairs,Vocational Training"
5,Adventist Hospital Society,"SR/MZ_39, Aizawl (MIZORAM)","Seventh Day Tlang, Vaivakawn , Aizawl,
Mizoram796009",Data Not Found
6,Agape Moral Reformation Organisation,"SR-40 of 1990, Aizawl (MIZORAM)",Ropaiabawk Chawlhhmun,HIV/AIDS
7,AINAWN SOCIETY,"MSR 765 OF 02.09.2016, AIZAWL (MIZORAM)","H.NO. B/12
MRF TYRE SHOWROOM BUILDING
DAWRPUI VENGTHAR
AIZAWL, MIZORAM-796001","Agriculture,Food Processing,Any Other"
8,AIZAWL COMMON SERVICE CENTRE SOCIETY,"MSR 971 OF 25.09.2018, AIZAWL (MIZORAM)","LK C-8 B, DURTLANG LEITAN AIZAWL","Information & Communication Technology,Any Other"
9,Aizawl Diocesan Education Society,"SR/MZ-87 OF 2003-04, AIZAWL (MIZORAM)","BISHOPS HOUSE,
RAMTHAR VENG","Children,Education & Literacy,Vocational Training"
10,AIZAWL FOOTBALL CLUB,"No. S.R. 21 of 1987, AIZAWL (MIZORAM)",".No.188, Dawrpui West, Aizawl, Mizoram",Sports
1,1008 SANT BABA HARI SINGH NEKIWALE CHARITABLE SOCIETY,"564, HOSHIARPUR (PUNJAB)","VILLAE PANJAURDISTT HOSHIARPUR-PUNJAB
144404",Any Other
2,2QADAM FOUNDATION,"399/2022, Bhatiwal Kalan (PUNJAB)","village-518, mander patti, Bhatiwal Kalan, Sangrur, Punjab- 148026.","Agriculture,Art & Culture,Children,Drinking Water,Education & Literacy,Aged/Elderly,Environment & Forests,Food Processing,Health & Family Welfare,Science & Technology,Sports,Women's Development & Empowerment,Skill Development"
3,A S HIGH SCHOOL TRUST AND MANAGEMENT SOCIETY,"32, khanna (PUNJAB)",A S SR SEC SCHOOL KHANNA,"Children,Education & Literacy"
4,AAAS FOUNDATION,"DIC/BTL51 2019-2020, Pathankot (PUNJAB)","Vill Lahri Bawian, Post Office SarnaTehsil and District Pathankot Punjab 145025","Agriculture,Art & Culture,Education & Literacy,Environment & Forests,Health & Family Welfare,Rural Development & Poverty Alleviation,Sports,Vocational Training,Women's Development & Empowerment"
5,AADIWASI GURU GYAN NATH POORAN SANGHRASH DAL FOUNDATION,"U85300PB2020NPL052024, AMRITSAR (PUNJAB)","C/O GIAN ASHRAM,JAGAT GURU VALMIKIMANDIR, GYAN ASHRAM BHAGWAN VALMIKI TIRATH, AMRITSAR, Amritsar, Punjab, India, 143001","Dalit Upliftment,Aged/Elderly,Human Rights,Labour & Employment"
6,AAGAZ(SOCIETY FOR THE PEOPLE BY THE PEOPLE),"253, AMRITSAR (PUNJAB)","109, Amarkot, Opp Khalsa College For Women, Amritsar, Punjab","Dalit Upliftment,Education & Literacy,Health & Family Welfare,Information & Communication Technology,Legal Awareness & Aid,Minority Issues,Rural Development & Poverty Alleviation,Sports,Vocational Training,Women's Development & Empowerment,Youth Affairs"
7,AAPI CHARITABLE FOUNDATION,"607, JALANDHAR (PUNJAB)","MOHALLA KALHAN KARTARPUR,JALANDHAR-144801
","Health & Family Welfare,Education & Literacy"
8,Aas Ehssas Welfare Society (Regd.),"AAKAA4567FE20221, Ludhiana (PUNJAB)",KITCHLU NAGAR,Any Other
9,AAS WELFARE SOCIETY,"20, MOHALI (PUNJAB)","184, PHASE-9, TEHSIL MOHALI, DISTT. S.A.S. NAGAR, PUNJAB","Children,Education & Literacy,Health & Family Welfare,Rural Development & Poverty Alleviation,Vocational Training,Women's Development & Empowerment,Youth Affairs,Any Other"
10,Aasra Foundations,"245, Muktsar (PUNJAB)","Aasra Foundations,
Jalalabad Road,
Muktsar",Education & Literacy
1,Abiogenesis  Socety,"Regd No H/RS-2445, Dimapur (NAGALAND)","Abiogenesis Society,
Mamias Bliss, 6,Angami Khel,Nuton Bosti","Animal Husbandry, Dairying  &  Fisheries,Aged/Elderly,Agriculture,Art & Culture,Children,Civic Issues,Disaster Management,Education & Literacy,Environment & Forests,Health & Family Welfare,HIV/AIDS,Human Rights,Information & Communication Technology,Micro Finance (SHGs),Minority Issues,Micro Small & Medium Enterprises,New & Renewable Energy,Nutrition,Right to Information & Advocacy,Rural Development & Poverty Alleviation,Sports,Tribal Affairs,Tourism,Vocational Training,Women's Development & Empowerment"
2,Abundant Life Foundation,"HOME/SRC-6661/2014, Dimapur (NAGALAND)","Abundant Life Foundation
United North Block
Burma Camp","Children,Civic Issues,Differently Abled,Education & Literacy,Aged/Elderly,Health & Family Welfare,HIV/AIDS,Micro Finance (SHGs),Sports,Tribal Affairs,Urban Development & Poverty Alleviation,Vocational Training,Women's Development & Empowerment,Youth Affairs"
3,ACHEMLONG WELFARE SOCIETY,"H/RS-2750 , Noklak (NAGALAND)","Achemlong Welfare Society
C/o Pongom
Below D.C. Office, Noklak
Nagaland 798626","Children,Education & Literacy"
4,ACHIKU SOCIETY LTD,"H/RS-3689, ATOIZU (NAGALAND)",ATOIZU TOWNZUNHEBOTO DIST,"Agriculture,Animal Husbandry, Dairying  &  Fisheries,Art & Culture,Children,Civic Issues,Differently Abled,Disaster Management,Drinking Water,Education & Literacy,Aged/Elderly,Environment & Forests,Health & Family Welfare,Human Rights,Labour & Employment,Land Resources,Minority Issues,New & Renewable Energy,Nutrition,Rural Development & Poverty Alleviation,Tribal Affairs,Urban Development & Poverty Alleviation,Vocational Training,Women's Development & Empowerment,Youth Affairs"
5,ACHOMANG MULTIPURPOSE COOPERATIVE SOCIETY LTD,"NL/5145, KIPHIRE (NAGALAND)","MISSION COMPOUND WARD BELOW HOPONGKYU MEMORIAL HALL, H/NO 63, KIPHIRE 798611","Agriculture,Animal Husbandry, Dairying  &  Fisheries,Art & Culture,Children,Dalit Upliftment,Differently Abled,Disaster Management,Drinking Water,Aged/Elderly,Environment & Forests,Food Processing,Health & Family Welfare,HIV/AIDS,Housing,Human Rights,Information & Communication Technology,Labour & Employment,Land Resources,Legal Awareness & Aid,Micro Finance (SHGs),Micro Small & Medium Enterprises,Minority Issues,New & Renewable Energy,Nutrition,Panchayati Raj,Prisoner's Issues,Right to Information & Advocacy,Rural Development & Poverty Alleviation,Science & Technology,Sports,Tourism,Tribal Affairs,Urban Development & Poverty Alleviation,Vocational Training,Water Resources,Women's Development & Empowerment"
6,ACME Foundation,"885, Wokha (NAGALAND)","Wokha Town, Nagaland797111","Civic Issues,Micro Small & Medium Enterprises,Rural Development & Poverty Alleviation,Vocational Training,Water Resources,Skill Development"
7,Act of Kindness Society,"HOME/SRC-7211, Dimapur (NAGALAND)","H.No 105, Near Super Kids Academy
Naharbari, Dimapur","Art & Culture,Children,Civic Issues,Differently Abled,Education & Literacy,Health & Family Welfare,Information & Communication Technology,Minority Issues,Nutrition,Rural Development & Poverty Alleviation,Sports,Tourism,Tribal Affairs,Vocational Training,Women's Development & Empowerment,Youth Affairs"
8,ACTION FOR WOMEN DEVELOPMENT AND EMPOWERMENT,"H/RS.-698, Kohima (NAGALAND)","6.	AWDE
Opposite War Cemetery
Below East Gate Hotel, Midland, Kohima, Nagaland -  797001","Aged/Elderly,Children,Health & Family Welfare,Micro Small & Medium Enterprises,Vocational Training"
9,AGAPE YOUTH WELFARE ORGANISATION,"RS 2709, Wokha (NAGALAND)",Agape Youth Welfare Organisation PO Box 20 NST Wokha Town Dist Wokha 797111 Nagaland,"Aged/Elderly,Agriculture,Differently Abled,Education & Literacy,Environment & Forests,Health & Family Welfare,HIV/AIDS,Micro Finance (SHGs),Rural Development & Poverty Alleviation,Tourism,Urban Development & Poverty Alleviation,Vocational Training,Women's Development & Empowerment,Youth Affairs,Human Rights"
10,Aghiyilito MPCS,"NL/3661, DIMAPUR (NAGALAND)","ERALIBILL VILLAGE NEAR POST OFFICE,H/NO 132,
DIMAPUR NAGALAND 797115","Animal Husbandry, Dairying  &  Fisheries,Aged/Elderly,Agriculture,Art & Culture,Biotechnology,Civic Issues,Differently Abled,Disaster Management,Drinking Water,Education & Literacy,Environment & Forests,Food Processing,Health & Family Welfare,Housing,Human Rights,Legal Awareness & Aid,Labour & Employment,Land Resources,Micro Finance (SHGs),Minority Issues,Micro Small & Medium Enterprises,New & Renewable Energy,Nutrition,Rural Development & Poverty Alleviation,Sports"
1,1 STEP FOUNDATION,"249/UD/SR/2022, UKHRUL (MANIPUR)",TALUI VILLAGE UKHRUL DISTRICT MANIPUR,"Agriculture,Animal Husbandry, Dairying  &  Fisheries,Drinking Water,Education & Literacy,Environment & Forests,Food Processing,Labour & Employment,Micro Finance (SHGs),Micro Small & Medium Enterprises,New & Renewable Energy,Rural Development & Poverty Alleviation,Tourism,Tribal Affairs,Water Resources,Youth Affairs,Skill Development"
2,7 Sisters Foundation,"167/M/SR/2000, Imphal (MANIPUR)","Sermon Road, 5th Avenue, Dewlahland","Agriculture,Art & Culture,Children,Civic Issues,Differently Abled,Education & Literacy,Aged/Elderly,Environment & Forests,Food Processing,Health & Family Welfare,HIV/AIDS,Human Rights,Labour & Employment,Land Resources,Micro Finance (SHGs),Micro Small & Medium Enterprises,Minority Issues,New & Renewable Energy,Rural Development & Poverty Alleviation,Sports,Tribal Affairs,Vocational Training,Water Resources,Youth Affairs"
3,A IMOCHA SINGH FOUNDATION,"73/M/SR/1987, IMPHAL (MANIPUR)",WANGKHEI ANGOM LEIKAI,Data Not Found
4,A RAY OF HOPE,"414/M/SR/1988, IMPHAL WEST (MANIPUR)","URIPOK KHUMANTHEM LEIKAI,IMPHAL WEST
C/O BEDHAJIT OKRAM,
MANIPUR","Drinking Water,Education & Literacy,Health & Family Welfare,HIV/AIDS,Sports,Vocational Training,Any Other"
5,ABBAS FOUNDATION,"258/M/SR/1991, THOUBAL (MANIPUR)","HAOREIBI MAYAI LEIKAI, THOUBAL DISTRICT, MANIPUR STATE.","Animal Husbandry, Dairying  &  Fisheries,Children,Civic Issues,Dalit Upliftment,Differently Abled"
6,ABDUL AZIZ MEMORIAL TRUST,"80 OF 2012, THOUBAL (MANIPUR)",Lilong Turel Ahanbi Kaleikhong Makha,"Agriculture,Education & Literacy,Aged/Elderly"
7,ABDUL RAZAK HELPLINE,"379 of 2013, IMPHAL (MANIPUR)",KIYAMGEI MUSLIM MAYAI LEIKAI PO CANCHIPUR PS IRILBUNG 795003,"Animal Husbandry, Dairying  &  Fisheries,Aged/Elderly,Agriculture,Art & Culture,Biotechnology,Children,Civic Issues,Differently Abled,Disaster Management,Dalit Upliftment,Drinking Water,Education & Literacy,Environment & Forests,Food Processing,Health & Family Welfare,HIV/AIDS,Housing,Human Rights,Information & Communication Technology,Legal Awareness & Aid,Labour & Employment,Land Resources,Micro Finance (SHGs),Minority Issues,Micro Small & Medium Enterprises"
8,ABDULLA AND MANIRA FOUNDATION,"36 OF 2013, LILONG (MANIPUR)","TUREL AHANBI HELALKHONG
LILONG",Data Not Found
9,ABUNGCHIANG HORTICULTURE DEVELOPMENT CO-OPERATIVE SOCIETY LIMTITED,"40/ST/HCS/2012-13, Imphal (MANIPUR)","AbungchiangVillage, (Nagaching) PO Noney, Tamenglong District, Manipur-795159","Animal Husbandry, Dairying  &  Fisheries,Art & Culture,Health & Family Welfare,HIV/AIDS,Legal Awareness & Aid,Micro Finance (SHGs),Micro Small & Medium Enterprises,Tribal Affairs,Vocational Training,Women's Development & Empowerment,Any Other,Agriculture"
10,ACADEMY FOR THE DEVELOPMENT OF ENVIRONMENT PROTECTION,"179/Imphal District/1987, IMPHAL (MANIPUR)",YAIKSKUL CHINGAKHAM LEIRAK,Data Not Found
1,	 LOKDHARA PRATISHTHAN,"E-12361 (THANE), BHIWANDI (MAHARASHTRA)","AT. SAMATANAGAR, BORIVALI, NEAR Z.P. SCHOOL MARATHI, POST. PADGHA, TAL. BHIWANDI",Data Not Found
2, 	Living Water Gospel Broadcast,"D-64(BOM), MUMBAI (MAHARASHTRA)",NEV BHAVANA 422 SWATANTRYA VEER SAVARKAR MARG PRABHADEVI ,Any Other
3,	NARAYANI EMPOWERING INDIA FOUNDATION,"U85100PN2015NPL153974, PUNE (MAHARASHTRA)","S.NO 169/1, BLDG-A11, FLAT-12 SKF EMPLOYEES HSG. SCHEME, CHINCHWAD PUNE, MH 411033 IN",Data Not Found
4,01.	Shri Vatavruksha Swami Adhyatmik Sanshodhan Sansthan Sonna Tq. Dist Parbhani,"E-0000205(PBN), PARBHANI (MAHARASHTRA)",AT. SONNA POST. MANDAKHALI TQ.DIST. PARBHANI-431537,"Rural Development & Poverty Alleviation,Agriculture,Children,Education & Literacy,Health & Family Welfare,Information & Communication Technology,Water Resources,Women's Development & Empowerment,Youth Affairs,Any Other"
5,0JAYKRANTI BAHU UDDESHIYA SHIKSHAN PRASARAK SEVABHVI PRATISTAN MANDAL,"F9014, JALKOT (MAHARASHTRA)",ATRAMPUR TANDA POST GUTTI TQ JALKOT DIST LATUR,Data Not Found
6,1 EARTH SOCIAL FOUNDATION,"E-8263/PUNE, SHIRUR (MAHARASHTRA)","HOUSE NO. 295, MUKKAM POST MUKHAI,NEAR ST. STAND, TALUKA SHIRUR,
","Education & Literacy,Health & Family Welfare"
7,1 RUPEE CLINIC FOUNDATION,"U85100MH2021NPL361664, Thane (MAHARASHTRA)","Dimond Homes Basment B, Opp Manas Society, Bhaskar, Thane, Thane, Maharashtra- 400099",Health & Family Welfare
8,1008 SHREE BHAGAVAN MAHAVIR DIGAMBAR JAIN CHARITABLE TRUST,"E-851, Aurangabad (MAHARASHTRA)","Saptshrungi housing society,RX-3/9,house no.-15,near jagrut hanuman mandir,Bajajnagar, Aurangabad pin code-431136(Maharashtra)","Art & Culture,Children,Civic Issues,Dalit Upliftment,Differently Abled,Disaster Management,Education & Literacy,Aged/Elderly,Health & Family Welfare,Human Rights,Rural Development & Poverty Alleviation,Women's Development & Empowerment"
9,14 Trees Foundation,"U93090PN2020NPL191410, PUNE (MAHARASHTRA)","A-502, Swojas Anand, Anand Park, Aundh",Environment & Forests
10,27 RAB SAB EDUCATION FOUNDATION,"U85300MH2022NPL391157, thane (MAHARASHTRA)","301 Building No 7,Mira Bhayander Road,Mira Road S.O, Thane-401107",Data Not Found
1,3 STAR GOLTECK RURAL DEVELOPMENT AND WOMENWS WALFARE SOCIETY,"04/14/01/09111/06, JABALPUR (MADHYA PRADESH)",H.NO. 2535 H TYPE COLONY MEDICAL COLLEGE JABALPUR (M.P.),"Art & Culture,Children,Education & Literacy,Health & Family Welfare,Human Rights,Tourism,Vocational Training,Women's Development & Empowerment,Drinking Water,HIV/AIDS,Right to Information & Advocacy,Rural Development & Poverty Alleviation"
2,360 GOTRIYA KHATIK SAMAJ KALYAN SAMITI,"07/33/01/05223/04, UJJAIN (MADHYA PRADESH)","02 KHATIK SAMAJ DHRAMSHALA EVAM CHATRAWAS NAGAR, NEAR KOT MATA TEMPLE, FAZALPURA","Art & Culture,Education & Literacy,Women's Development & Empowerment,Youth Affairs,Any Other,Skill Development,Labour & Employment"
3,3S Security Services,"879 , indore (MADHYA PRADESH)","01,PANDA ROAD,NEAR HOTEL MASHAL,TEHSIL-RAU,DISTRICT-INDORE (MADHYAPRADESH)","Labour & Employment,Vocational Training,Any Other"
4,A COMMN MAN FOR INFORMATION AND ACTION SAMITI,"01/01/01/22542/10, BHOPAL (MADHYA PRADESH)",66 JAIN MANDIR ROAD MANGALWARA BHOPAL,Data Not Found
5,A Ray To Hope Foundation,"05/22/03/14543/18, Rewa (MADHYA PRADESH)","23/445, Arjun Nagar, Rewa","Education & Literacy,Children,Differently Abled,Health & Family Welfare,Nutrition,Water Resources,Women's Development & Empowerment"
6,A Sociel Welfare Soicety  Nurture Equality Education And Vision,"03/27/03/17305/14, Indore (MADHYA PRADESH)",Correspondence address:- 401-F Vijaya Apartment779/1 Manishpuri Saket Indore -452001 MP India,"Art & Culture,Children,Civic Issues,Education & Literacy,Human Rights,Information & Communication Technology,Labour & Employment,Minority Issues,Urban Development & Poverty Alleviation,Vocational Training,Youth Affairs"
7,A TO Z EDUCATION SOCIETY,"04/18/01/13996/11, SEONI (MADHYA PRADESH)","MANDLA ROAD, KABEER WARD 06
DUNDASEONI SEONI","Animal Husbandry, Dairying  &  Fisheries,Art & Culture,Biotechnology,Children,Civic Issues,Dalit Upliftment,Differently Abled,Disaster Management,Education & Literacy,Aged/Elderly,Environment & Forests,Health & Family Welfare,HIV/AIDS,Information & Communication Technology,Minority Issues,Nutrition,Rural Development & Poverty Alleviation,Science & Technology,Sports,Tourism,Urban Development & Poverty Alleviation,Vocational Training,Water Resources,Women's Development & Empowerment,Youth Affairs,Any Other"
8,A V S SHIKSHA EVAM SAMAJOTTHAN SAMITI,"06/09/10/09518/13, SAGAR (MADHYA PRADESH)",NAYA BAZAR MALTHON,Data Not Found
9,AABHAS KALA SEWA SAMITI,"IND/3025/97, indore (MADHYA PRADESH)","Artys, 148 teja ji nagar kasturbagram khandwa road indore ",Aged/Elderly
10,AACHARYA GURUVAR VIDHYASAGAR ORGANIZATION FOR EDUCATIONAL AR&D,"06/13/01/12921/19, TIKAMGARH (MADHYA PRADESH)","28 1 13, MAHAVEER VIHAR COLONY, KUNWARPURA DARWAJA, TIKAMGARH",Data Not Found
1,AADHAR BAHUUDDESHIYA SEVA SANSTHA,"F-3334/77, ujjain (LAKSHADWEEP)","Mumbai -400065, Maharashtra Rajya, Bharat.",Water Resources
2,Dr.koya memorial charitable & educational trust,"359/4, Kavarathi (LAKSHADWEEP)","Darussalam,(Dr koya Bhavan) Kavarathi Island, Lakshadweep","Agriculture,Art & Culture,Children,Civic Issues,Dalit Upliftment,Education & Literacy,Aged/Elderly,Food Processing,Housing,Micro Small & Medium Enterprises,Minority Issues,Rural Development & Poverty Alleviation,Sports,Tourism,Women's Development & Empowerment,Youth Affairs"
3,Jan shikshan Sansthan Lakshadweep,"S/R682/2022, Kavaratti (LAKSHADWEEP)"," JAN SHIKSHAN SANSTHAN LAKSHADWEEP
WARD NO.11 ,NEAR SECRETARIAT AND LORD SHIVA TEMPLE,KAVARATTI VILLAGE,
KAVARATTI P O
UT OF LAKSHDWEEP
PIN 682555",Skill Development
4,JAN SHIKSHAN SANSTHAN LAKSHADWEEP,"S/R682/2022, Kavaratti (LAKSHADWEEP)","JAN SHIKSHAN SANSTHAN LAKSHADWEEP
Near Secretariat
Kavarati poUT of Lakshadweep
","Agriculture,Animal Husbandry, Dairying  &  Fisheries,Art & Culture,Differently Abled,Disaster Management,Education & Literacy,Food Processing,Health & Family Welfare,Information & Communication Technology,Labour & Employment,Land Resources,Micro Finance (SHGs),Micro Small & Medium Enterprises,Rural Development & Poverty Alleviation,Tribal Affairs,Vocational Training,Women's Development & Empowerment,Youth Affairs"
5,swarna dhara charitable welfare society,"S0007783 OF 2019-2020, JNJHOJ (LAKSHADWEEP)","JHGHJMM,KJHL,LJH","Agriculture,Animal Husbandry, Dairying  &  Fisheries,Art & Culture,Biotechnology,Children,Civic Issues,Dalit Upliftment,Differently Abled,Disaster Management,Drinking Water,Education & Literacy,Aged/Elderly,Environment & Forests,Food Processing,Health & Family Welfare,Housing,Labour & Employment,Water Resources,Women's Development & Empowerment,Any Other,Skill Development,Human Rights,Information & Communication Technology,Micro Finance (SHGs),Micro Small & Medium Enterprises,Minority Issues,New & Renewable Energy,Nutrition,Rural Development & Poverty Alleviation,Science & Technology,Sports,Tourism,Tribal Affairs,Urban Development & Poverty Alleviation,Vocational Training,Youth Affairs"
6,THANAL CHARITABLE ORGANIZATION,"557/2009, KAVARATTI (LAKSHADWEEP)","THANAL CHARITABLE ORGANIZATION,KAVARATTI ISLAND,
UT OF LAKSHADWEEP
PIN:682555","Aged/Elderly,Children,Health & Family Welfare,Legal Awareness & Aid,Labour & Employment,Micro Small & Medium Enterprises,Rural Development & Poverty Alleviation,New & Renewable Energy,Vocational Training,Water Resources,Women's Development & Empowerment"
7,WAKE UP LAK WELFARE SOCIETY,"EKM/TC/207/2021, Kochi (LAKSHADWEEP)","DOOR NO: EWS-726,Maveli Road, Kadavanthra PO, Near suppluyco, Elamkulam village, Kochi 682020","Agriculture,Civic Issues,Education & Literacy,Environment & Forests,Health & Family Welfare,Human Rights,Information & Communication Technology,Legal Awareness & Aid,Tourism,Skill Development"
1,	 SHRI RAGHAVENDRA SWAMI SEVA SAMITI,"GNO/SNO.261/98-99, Belagavi (KARNATAKA)","CTS NO 7286, ANJANEYA NAGAR, MALAMARUTI BADAVANE, BELAGAVI 590015",Data Not Found
2,1008 BHAGWAN SHRI MAHAVEER JAIN MINORITY CHARITABLE TRUST (R),"MUD-4-00029-2015-16 CD MUDD165, MUDDEBIHAL (KARNATAKA)","ALAMATTI ROAD
MUDDEBIHAL-586212",Data Not Found
3,1M1B Foundation,"U93000KA2012NPL065554, Bangalore (KARNATAKA)","NO. 29, BARON HOUSE, 3RD FLOOR 80 FT ROAD,, KORMANGALA 4TH BLOCK BANGALORE, BANGALORE, Bangalore, Karnataka, India, 560034","Education & Literacy,Labour & Employment,Micro Small & Medium Enterprises,Vocational Training,Skill Development"
4,6TY PLUS FOUNDATION,"RJN-4-00411-2015-16, BENGALURU (KARNATAKA)","No. LR-39, 2nd CROSS, LIG ROW HOUSES, NANDINI LAYOUT",Data Not Found
5,A Dharma Sastha foundation ,"INR-4-00009-2020-21, BANGALORE (KARNATAKA)",no 51 19th cross Lakshmipuram Halasuru Bangalore North,"Children,Education & Literacy,Aged/Elderly,Women's Development & Empowerment"
6,A G N FOUNDATION,"400270, BANGALORE (KARNATAKA)",NO 1445 VAJRAS NO 6 SOUTH END A CROSS 28TH MAIN JAYANAGAR 9TH BLOCK ,Data Not Found
7,A H Memorial Educational trust,"150/80-81, BANGALORE (KARNATAKA)","CA Site 7P 1A, PRESIDENCY SCHOOL, 2nd A Main, 3rd A, cross, East of N.G.E.F Layout, Kasturinagar, Bengaluru, Karnataka 560043","Education & Literacy,Vocational Training,Any Other"
8,A Hundred Hands ,"IN KA275887416941221, bangalore  (KARNATAKA)","4 Ashley Road
Off MG Road
Bangalore 560025","Art & Culture,Differently Abled,Rural Development & Poverty Alleviation,Tourism,Tribal Affairs,Vocational Training"
9,A Little Change,"485, Koramangala (KARNATAKA)","No.31, 3rd Floor, A Main, Jakkasandra Extn, Koramangala, 1st blockBengaluru560034 ","Art & Culture,Children,Education & Literacy,Skill Development"
10,A ONE EDUCATIONAL WELFARE TRUST,"BNG(U)BSKJ 136/2011-12, BANGALORE (KARNATAKA)","No: 117, 6th Main Road, 6th Cross, Near Quba Masjid, Yarab Nagar, Banashankari, Bangalore560070",Data Not Found
1,Abchee Gonpa Tsogspa,"103-UTL, leh (LADAKH)",R/o HANU YOKMA P/o KHALTSI LEH U T LADAKHOFFICE LOCATED AT HANU YOKMA ZAMCHUNG COMPLEX ,Any Other
2,All ladakh youth coordination committee," 159/K/2015, KARGIL (LADAKH)",CHOCHOT YOKMA NEAR IMAM BARGAH CHOCHOT LEH LADAKH 194101,"Any Other,Health & Family Welfare,Agriculture,Animal Husbandry, Dairying  &  Fisheries,Art & Culture,Children,Civic Issues,Drinking Water,Education & Literacy,Environment & Forests,HIV/AIDS,Human Rights,Labour & Employment,Minority Issues,Nutrition,Panchayati Raj,Rural Development & Poverty Alleviation,Sports,Tourism,Women's Development & Empowerment"
3,All Zangskar Gonpa Association,"1700-S of 1990, Kargil (LADAKH)","All Zangskar Gonpa Association, Duzing Photang, Maniringmo Padum ZanskarKargil (J",Data Not Found
4,Anjuman Imamia Leh Town,"6052-S, LEH (LADAKH)",Main Bazar Leh,"Art & Culture,Children,Civic Issues,Disaster Management,Education & Literacy,Food Processing,Health & Family Welfare,Human Rights,Land Resources,Panchayati Raj"
5,Arts Cultural and Educational Society,"4945-S, Kargil (LADAKH)",Changra Garkone,Data Not Found
6,ASSOCIATION FOR MEDICINE EDUCATION AND DEVELOPMENT AMED ZANASKAR,"6581-S OF 2014, KARGIL (LADAKH)","Rainbow School Nerok Zanskar Nearby Govt, Degree College Zanskar,Distt. Kargil UT Ladakh India 194302",Education & Literacy
7,AZ-ZAHRA (S) ORPHANAGE ISLAMIA SCHOOL KARGIL ,"6390/S/13, KARGIL (LADAKH)","NEAR KARGIL FILLING STATION, KURBATHANG KARGILLADAKH (194103)","Children,Education & Literacy,Any Other,Rural Development & Poverty Alleviation"
8,"Bardan Cultural and Welfare Society, Bardan Gonpa","1341-S of 1987, Kargil (LADAKH)","Bardan Gonpa, Zanskar, District Kargil( J",Data Not Found
9,BODICHARYAVATAR SOCIETY,"3015, LEH (LADAKH)",SKIDMANG CHANGTHANGLEH LADAKH,Education & Literacy
10,BORDER AREA DEVELOPMENT ORGANISATION KARGIL,"3407- S, Kargil (LADAKH)",Akwoou Complex Main Road Poyen Kargil Jammu and Kashmir 194103,"Agriculture,Animal Husbandry, Dairying  &  Fisheries,Art & Culture,Biotechnology,Children,Civic Issues,Dalit Upliftment,Disaster Management,Drinking Water,Education & Literacy,Aged/Elderly,Environment & Forests,Food Processing,Health & Family Welfare,Housing,Information & Communication Technology,Land Resources,Micro Small & Medium Enterprises,Minority Issues,New & Renewable Energy,Panchayati Raj,Right to Information & Advocacy,Rural Development & Poverty Alleviation,Science & Technology,Sports,Tourism,Tribal Affairs,Urban Development & Poverty Alleviation,Vocational Training,Women's Development & Empowerment,Youth Affairs,Any Other"
1,A I  I T V T TRUST,"178/2021, Roorkee (UTTARAKHAND)","VILLAGE AKBARPUR DHADHKEE, POST MANGLOUR TOWN ROORKEE","Agriculture,Animal Husbandry, Dairying  &  Fisheries,Art & Culture,Biotechnology,Children,Civic Issues,Dalit Upliftment,Differently Abled,Disaster Management,Drinking Water,Education & Literacy,Aged/Elderly,Environment & Forests,Food Processing,Health & Family Welfare,HIV/AIDS,Housing,Human Rights,Information & Communication Technology,Labour & Employment,Land Resources,Legal Awareness & Aid,Micro Finance (SHGs),Micro Small & Medium Enterprises,Minority Issues,New & Renewable Energy,Nutrition,Panchayati Raj,Right to Information & Advocacy,Rural Development & Poverty Alleviation,Science & Technology,Scientific & Industrial Research,Tourism,Tribal Affairs,Urban Development & Poverty Alleviation,Vocational Training,Water Resources,Women's Development & Empowerment,Youth Affairs"
2,A PRO EDU AND WELFARE SOCIETY,"230/2016-2017, DEHRADUN (UTTARAKHAND)","VIJAY VIHAR, POST OFFICE ROAD, CLEMENTOWN","Education & Literacy,Environment & Forests,Rural Development & Poverty Alleviation,Women's Development & Empowerment"
3,AA Foundation,"No. 216 of 2018 listed in Book, Dehradun (UTTARAKHAND)","C-104, Race Course","Children,Education & Literacy"
4,aachal parvtiy sastha,"UK06608112020005218, KALADHUNGI (UTTARAKHAND)",WARD N0 06 MANGOLLA DHARAKALADHUNGI NAINITAL,"Drinking Water,Women's Development & Empowerment"
5,Aadarsh Baby Vidhyalya Samiti,"148/1995-1996, Jaspur (UTTARAKHAND)","Mo.-Bhoop Singh
Near Shakko Wali Masjid
Jaspur, Udham Singh Nagar (Uttarakhand)
244712",Education & Literacy
6,AADHAAR SAMAJIK VIKAS SAMITI,"78/2014-15, DEHRADUN (UTTARAKHAND)","75 A FRIENDS PLAZA, RAJPUR ROAD, 2ND FLOOR DEHRADUN","Children,Civic Issues,Differently Abled,Disaster Management,Drinking Water,Education & Literacy,Aged/Elderly,Environment & Forests,Health & Family Welfare,HIV/AIDS,Human Rights,Legal Awareness & Aid,Micro Finance (SHGs),Right to Information & Advocacy,Rural Development & Poverty Alleviation,Urban Development & Poverty Alleviation,Water Resources,Women's Development & Empowerment,Labour & Employment,Minority Issues,Prisoner's Issues,Information & Communication Technology,Agriculture,Art & Culture,Dalit Upliftment,Micro Small & Medium Enterprises,New & Renewable Energy,Tribal Affairs"
7,AADHAR Sanstha,"390/2003, dehradun (UTTARAKHAND)","Line jeevangarh, resham farm, vikasnagar,dehradun, 248198","Agriculture,Health & Family Welfare,Labour & Employment,Micro Finance (SHGs),Rural Development & Poverty Alleviation"
8,AADHUNIK SHIKSHA SAMITI,"087/2016-2017, Jaspur (UTTARAKHAND)","Aadhunik Shiksha Samiti Mohalla Gujratiyan, Post Jaspur, ",Data Not Found
9,Aadi Aatma mission,"233/2001-2002, HARIDWAR (UTTARAKHAND)","Aadi Atma Mission, Satsang Bhawan, Guru Gaddi V PO, Daulatpur, Haridwar",Any Other
10,AADIDEV MAHADEV SEWA TRUST HARIDWAR,"AAJTA0576GE20214, BAHADRABAD (UTTARAKHAND)","House No-386, Plot No-14, Radhika Puram Colony, Dadupur Govindpur, Tehsil and Haridwar.",Data Not Found
1,				KANDRATIKURI WOOD CRAFT WELFARE SOCIETY		,"S/1/L/73031, BURDWAN (WEST BENGAL)","VILL-KANDRATIKURI, PO- DAMURI, PS- BUD BUD, DIST- BURDWAN (PURBA) WEST BENGAL PIN- 713403","Agriculture,Children,Drinking Water,Education & Literacy,Health & Family Welfare,Human Rights,Legal Awareness & Aid,Micro Finance (SHGs),Urban Development & Poverty Alleviation,Vocational Training,Women's Development & Empowerment,Any Other"
2, 	BARRACKPORE DIOCESAN BOARD OF SOCIAL SERVICES,"S/1L/27538 OF 2004-2005, BARRACKPORE (WEST BENGAL)","86, MIDDLE ROAD, BARRACKPORE","Education & Literacy,Health & Family Welfare,Nutrition,Aged/Elderly"
3,	OLDCHILD FOUNDATION,"U85300WB2020NPL242131, BARDHAMAN (WEST BENGAL)","1001, SAHIMOHALLA, KENDWA ROAD, PO-KULTI, ASANSOL, P. BURDWAN, BARDHAMAN, Bardhaman, West Bengal, India, 713343",Health & Family Welfare
4, 	ST PETERS VOCATIONAL TRAINING CENTRE,"S/2L/41116 OF 2015-2016, KOLKATA (WEST BENGAL)","KULPI ROAD, P.O AND P.S BARUIPUR,",Education & Literacy
5,''Sita'' Jain Memorial Trust,"190302101, Kolkata (WEST BENGAL)","14/2B , Nirode Behari Mullick Road, Kolkata700006",Children
6,'Help Us Help Them,"S/1L/30123, Kolkata (WEST BENGAL)",9/3B Gariahat Road,"Children,Education & Literacy"
7,1 NO. NUTAN FULIA SWAPNO WELFARE SOCIETY,"S/2L/11554, SANTIPUR (WEST BENGAL)","VILL.- 1 NO NUTAN FULIA,
P.O.- 2 NO NUTAN FULIA,
P.S.- SANTIPUR,
DIST.- NADIA,
WEST BENGAL,
PIN-741402
","Children,Civic Issues,Differently Abled,Disaster Management,Drinking Water,Education & Literacy,Aged/Elderly,Environment & Forests,Health & Family Welfare,Human Rights"
8,10 D EDUCATIONAL DEVELOPMENT TRUST,"IV-01541/13, JOYNAGAR (WEST BENGAL)","257, N.S.B ROAD , PO- JOYNAGAR MAJILPURPS- JOYNAGAR ","Education & Literacy,Information & Communication Technology,Rural Development & Poverty Alleviation,Vocational Training,Water Resources,Micro Small & Medium Enterprises,Minority Issues,New & Renewable Energy,Any Other"
9,10 D Welfare and Development Trust,"IV-00224 OF 2009, BARUIPUR (WEST BENGAL)","SITAKUNDU MAIN ROAD, SOLGOLIA, ATAGHARA,MADARAT, BARUIPUR, KOLKATA 700144","Education & Literacy,Information & Communication Technology,Micro Small & Medium Enterprises,New & Renewable Energy,Panchayati Raj,Science & Technology,Vocational Training,Water Resources,Youth Affairs,Any Other"
10,10 D Welfare Trust,"IV-00600-2013 SERIAL NO 03798 , ASHOKENAGAR (WEST BENGAL)","VILL MANIK NAGAR, PO- MANIKTALA, PS- ASHOKENAGAR","Education & Literacy,Health & Family Welfare,Labour & Employment,Micro Small & Medium Enterprises,Vocational Training,Skill Development"
1,'K.S.ABDULLAH EDUCATIONAL TRUST,"138/IV/1993, KASARAGOD (KERALA)","KASARAGOD MUSLIM WELFARE ASSOCIATION
MALIK DEENAR CHARITABLE HOSPITAL
KASARAGOD DISTRICT
KERALA
PIN 671122",Data Not Found
2,4DXI FOUNDATION,"U93090KL2018NPL055362, ERNAKULAM (KERALA)","VENUS ARCADE,KANIYAPILLY ROAD,CHAKKARAPARAMBU, VENNALA, ",Education & Literacy
3,A K CHERIAN MEMORIAL CHARITABLE SOCEITY,"P/469/2010, MALAKKARA (KERALA)","St.Thomas Hospital Building
malakkara
Pathanamthitta (Quilon)
Kerala
",Any Other
4,A K G SMARAKA VAYANASALA AND GRANDHALAYAM PAZ,"234/1979, PAYANGADI (KERALA)","NEAR RLY STATIONP O PAYANGADI R S
",Education & Literacy
5,A KG SMARAKA VAYANASALA & GRANDHALAYAM CHERUVATHALAMOTTA,"484/2005, CHERUVATHALAMOTTA (KERALA)","CHERUVATHALAMOTTA ,
(PO) CHATTUKAPARA,
KANNUR",Data Not Found
6,A M EBRAHIM SAHIB MEMORIAL LIBRARY,"07MPA4836, MUVATTUPUZHA (KERALA)",A M EBRAHIM SAHIB MEMMORIAL LIBRARY PAIPRA MANARY P O MUVATTUPUZHA,Data Not Found
7,A N P NAIR MEMORIAL EDUCATIONAL TRUST,"41/1992, MAVELIKARA (KERALA)","A N P NAIR MEMORIAL EDUCATIONAL TRUST
CHETTIKULANGARA CHETTIKULANGARA P O MAVELIKARAALAPPUZHAKERALA -690106","Education & Literacy,Education & Literacy"
8,A V KUNHAMBU SMARAKA VAYANASALA AND GRANDHALAYALAM,"592/2003, THALASSERY (KERALA)","THIRUMENI PO, THIRUMENI, CHERUPUZHA VIA, KANNUR DISTRICT, KERALA",Data Not Found
9,A1 POOR FUND FOUNDATION OF INDIA,"ER 324/85, PUNALAL (KERALA)","CROSS COMPLEX, PUNALAL P.O., THIRUVANANTHAPURAM695 575","Animal Husbandry, Dairying  &  Fisheries,Art & Culture,Civic Issues,Dalit Upliftment,Disaster Management,Education & Literacy,Aged/Elderly,Health & Family Welfare,Human Rights,Legal Awareness & Aid,Minority Issues,Rural Development & Poverty Alleviation,Tribal Affairs,Vocational Training,Women's Development & Empowerment,Youth Affairs,Any Other"
10,AALIYAH HEALTH AND EDUCATIONAL FOUNDATION,"422/2008, Kollam (KERALA)","Thenguvila House, Cherukulam P.O., Anchal, Kollam District, Kerala-691306",Data Not Found
1,	 RURAL DEVELOPMENT AND PROSPERITY INITIATIVE SOCIETY,"FAI/14273/2021-2022, Ayodhya (UTTAR PRADESH)","VILL POST GOKULA, TEHSIL MILKIPUR, DISTRICT AYODHYA UP","Art & Culture,Children,Civic Issues,Education & Literacy,Environment & Forests,Information & Communication Technology,Right to Information & Advocacy,Rural Development & Poverty Alleviation,Science & Technology,Scientific & Industrial Research,Sports,Urban Development & Poverty Alleviation,Water Resources,Women's Development & Empowerment,Youth Affairs,Any Other,Skill Development"
2,	 SHAIKSHIK SAMRADDHI SANSTHA,"2631, Agra (UTTAR PRADESH)","6 Roshan Vihar
Devri Road",Education & Literacy
3,	JNJAGRUK WELFARE FOUNDATION,"161995, ATRAULI (UTTAR PRADESH)",C/O PAVITRA DEVI (OWNER OF THE PREMISES) MOH KHERAPATAN,"Children,Sports,Skill Development"
4,	VISHWAGYAN VATIKA GURUKUL FOUNDATION,"U80904UP2022NPL168112, VARANSI (UTTAR PRADESH)","B1/128-4,DUMRAV BAGH COLONY ASSI ,VARANASI VARANASI Varanasi UP 221005 IN","Education & Literacy,Agriculture,Animal Husbandry, Dairying  &  Fisheries,Art & Culture,Biotechnology,Children,Civic Issues,Dalit Upliftment,Differently Abled,Disaster Management,Drinking Water,Aged/Elderly,Environment & Forests,Food Processing,Health & Family Welfare,HIV/AIDS,Housing,Human Rights,Information & Communication Technology,Labour & Employment,Land Resources,Legal Awareness & Aid,Micro Finance (SHGs),Micro Small & Medium Enterprises,Minority Issues,New & Renewable Energy,Nutrition,Panchayati Raj,Prisoner's Issues,Right to Information & Advocacy,Rural Development & Poverty Alleviation,Science & Technology,Scientific & Industrial Research,Sports,Tourism,Tribal Affairs,Urban Development & Poverty Alleviation,Vocational Training,Water Resources,Women's Development & Empowerment,Youth Affairs,Any Other,Skill Development"
5,(SUTRA )SOCIAL UPLIFTMENT THROUGH RESEARCH & ACTION ,"2547-2004-2005, LUCKNOW (UTTAR PRADESH)","HARIHAR PUR HOUSE,1-A,HARI NAGAR KASAILA,NARAYAN NAGAR,RAVINDRA PALLI,FAIZABAD ROAD,LUCKNOW","Agriculture,Art & Culture,Education & Literacy,Micro Finance (SHGs),Micro Small & Medium Enterprises,Skill Development"
6,2ND INNINGS,"4/36/21, Ghazipur (UTTAR PRADESH)","LAHURAPUR,
BHOJAPUR
MARADAH
GHAZIPUR
UP
233226","Animal Husbandry, Dairying  &  Fisheries,Children,Aged/Elderly,Environment & Forests,Women's Development & Empowerment,Dalit Upliftment,Disaster Management,Human Rights,Labour & Employment,Legal Awareness & Aid,Panchayati Raj,Sports,Youth Affairs,Skill Development"
7,3D SEWA SANSTHAN,"2059-2014-2015, Bilgram (UTTAR PRADESH)",BILGRAM HARDOI,Data Not Found
8,4CARETRULY BLESSED FOUNDATION ,"U85300UP2022NPL163376, KANPUR (UTTAR PRADESH)","A NO.40, H N. 25A SAFIPUR IIND HERJINDER NAGAR CHAKERI KANPUR KANPUR Kanpur UP 208007 INDIA..","Agriculture,Animal Husbandry, Dairying  &  Fisheries,Art & Culture,Children,Education & Literacy,Food Processing,Health & Family Welfare,Rural Development & Poverty Alleviation,Science & Technology,Sports,Vocational Training,Women's Development & Empowerment,Youth Affairs,Any Other,Urban Development & Poverty Alleviation"
9,4FUTURE SHINE FOUNDATION,"U85300UP2022NPL167124, AGRA (UTTAR PRADESH)",E-202 APARNA PREM SECOND FLOOR SHASTRIPURAM AGRA UTTAR PRADESH INDIA 282007,"Children,Education & Literacy,Health & Family Welfare,Human Rights,Women's Development & Empowerment,Youth Affairs,Any Other,Skill Development"
10,4TEAMMAVI MOHIT WELFARE ASSOCIATION,"U85300UP2022NPL167451, GHAZIABAD (UTTAR PRADESH)",TEELA SHAHBAZPUR LONI GHAZIABAD UTTAR PRADESH INDIA 201102,"Children,Education & Literacy,Health & Family Welfare,Human Rights,Women's Development & Empowerment,Youth Affairs,Any Other,Skill Development"
1,AADI RANG FOUNDATION,"IV-230, Kulai (TRIPURA)","Shri Surajit Debbarma
S/O Shri Jogindra Debbarma of 149,
Shambhuram Para, East Nalichara
P.S.Ambassa",Art & Culture
2,AADIMJATI KHAOKLUK SAMAJ SEBA PAMANG MAHARAJ SOCIETY,"6835, KOWAIFANG (TRIPURA)","Kowaifang, P.O.: Kowaifang, P.S.: Baikhora,Santir Bazar, Dist.: South Tripura. PIN-799141",Data Not Found
3,Abalamban,"1500, Agartala (TRIPURA)","Abalamban,
""Apnaghar"",
Airport Road,
Barjala(Near TRTC Workshop),
Agartala,Tripura,Pin-799002","Environment & Forests,Vocational Training,Women's Development & Empowerment"
4,ABHEL HODA KALYAN SAMITY,"5551, Amarpur (TRIPURA)",Taidu Bari,"Agriculture,Animal Husbandry, Dairying  &  Fisheries,Art & Culture,Children,Civic Issues,Differently Abled,Environment & Forests,Health & Family Welfare,Legal Awareness & Aid,Micro Finance (SHGs),Minority Issues,Sports,Tribal Affairs,Vocational Training,Water Resources,Women's Development & Empowerment,Youth Affairs"
5,ABHIGYAN EX NAVODAYAN FOUNDATION,"8860, KAMALPUR (TRIPURA)","WARD NO 3, KAMALPUR, P.O.KAMALPUR
P.S.KAMALPUR, DISTDHALAI, PIN799285","Art & Culture,Children,Drinking Water,Education & Literacy,Aged/Elderly,Environment & Forests,Nutrition,Rural Development & Poverty Alleviation,Sports,Vocational Training,Skill Development"
6,Abhimukh - Socio Cultural Organization,"7845, UDAIPUR (TRIPURA)","CHANBAN, P.O- R.K.PUR",Data Not Found
7,Abhoy Mission,"1947 under 1860 Socities Act, Agartala (TRIPURA)","Abhoy Mission, Ramnagar Road No. 1, P.O- Ramnagar, Agartala, Tripura - 799002.","Children,Differently Abled,Education & Literacy,Aged/Elderly,Vocational Training,Women's Development & Empowerment"
8,ABOHOMAAN,"8222 of 2019, Kailashahar (TRIPURA)","Boulapassa, P.OKailashahar, Kailashahar, Unakoti District, Tripura",Data Not Found
9,ACHIN BABA SANGHA,"3231, Udaipur (TRIPURA)",Registered Address- Vill,"Agriculture,Animal Husbandry, Dairying  &  Fisheries,Art & Culture,Differently Abled,Drinking Water,Education & Literacy,Environment & Forests,Health & Family Welfare,Labour & Employment,Micro Small & Medium Enterprises,Women's Development & Empowerment,Skill Development"
10,ADARSHA SANGHA,"3196, DHARMANAGAR (TRIPURA)","VILL-DEWANPASHA, PO-DEWANPASHA, PS-DHARMANAGAR","Animal Husbandry, Dairying  &  Fisheries,Agriculture,Art & Culture,Children,Disaster Management,Drinking Water,Education & Literacy,Environment & Forests,Food Processing,Health & Family Welfare,HIV/AIDS,Information & Communication Technology,Legal Awareness & Aid,Labour & Employment,Micro Finance (SHGs),Micro Small & Medium Enterprises,New & Renewable Energy,Panchayati Raj,Rural Development & Poverty Alleviation,Science & Technology,Sports,Tribal Affairs,Urban Development & Poverty Alleviation,Vocational Training,Women's Development & Empowerment"
1,'DEEP' Development For Environment Education Programme,"82, Godda (JHARKHAND)","DEEP , Gandhi Nagar, Godda ","Children,Civic Issues,Education & Literacy,Legal Awareness & Aid"
2,A.R.ASSOCIATE.,"10078/8040/2011, JAMSHEDPUR (JHARKHAND)","FLATNO.C/1, GOVINDA BLOCK , SRI KRISHNA UDYAN, JAWAHARNAGAR, MANGO,JAMSHEDPUR",Education & Literacy
3,AABAD SOCIAL WELFARE FOUNDATION,"U85300JH2022NPL019769, JHARKHAND (JHARKHAND)","JHIRKY KATHARA, BOKARO, BOKARO, JHARKHAND, INDIA, 829116","Agriculture,Art & Culture,Children,Education & Literacy,Environment & Forests,Food Processing,Housing,Human Rights,Water Resources,Women's Development & Empowerment,Skill Development"
4,AABHA CREATIVE ORGANIZATION,"127/2015-16, HAZARIBAG (JHARKHAND)","PREM NAGAR, SINDOOR, HAZARIBAG ","Education & Literacy,Health & Family Welfare,Vocational Training"
5,Aadarsh Gramin Swarajya,"8943/154/2014, CHAINPUR (JHARKHAND)","NEAR RAJA GARH
KASHYAP MUHALLA","Agriculture,Animal Husbandry, Dairying  &  Fisheries,Children,Drinking Water,Education & Literacy,Environment & Forests,Food Processing,Health & Family Welfare,HIV/AIDS,Human Rights,Information & Communication Technology,Land Resources,Legal Awareness & Aid,Micro Finance (SHGs),Micro Small & Medium Enterprises,Nutrition,Panchayati Raj,Right to Information & Advocacy,Rural Development & Poverty Alleviation,Tribal Affairs,Urban Development & Poverty Alleviation,Vocational Training,Water Resources,Women's Development & Empowerment"
6,AADARSH GRAMIN SWARAJYA SANSTHAN,"842/2011-12, Chainpur (JHARKHAND)","Ganesh Kumar
SecretaryAadarsh Gramin Swarajya Sansthan Vill Po Ps- Chainpur (Kashyap Muhlla)
PIN- 822110","Agriculture,Children,Drinking Water,Education & Literacy,Food Processing,Health & Family Welfare,HIV/AIDS,Land Resources,Micro Finance (SHGs),Nutrition,Panchayati Raj,Right to Information & Advocacy,Rural Development & Poverty Alleviation,Tribal Affairs,Urban Development & Poverty Alleviation,Vocational Training,Water Resources,Women's Development & Empowerment,Youth Affairs"
7,AADARSH JANSEWA SOCIETY ,"859, DALTONGANJ (JHARKHAND)","HOUSE NO. 71, VILLRAMSAGAR, P.OPHULANG, P.S.LESLIGANJ PALAMU JHARKHAND","Health & Family Welfare,Rural Development & Poverty Alleviation"
8,AADIKALA MANCH,"1378, simdega (JHARKHAND)","C/o: BANPHOOL NAYAK
vill- Bongram ,Po- Bongram, Ps- kolebira",Art & Culture
9,Aadim Development Society,"134, SARAIKELA KHARSAWAN (JHARKHAND)","VILL- KATIA, PO- CHANDNL, DIST- SERAIKELA-KHARSWAN JHARKHAND- 832401","Agriculture,Art & Culture,Children,Drinking Water,Health & Family Welfare,Human Rights,Sports,Women's Development & Empowerment"
10,AADIVASI MAMTA JIWAN DARPAN SANSTHA,"200, LOHARDAGA (JHARKHAND)",BHANDRA (LOHARDAGA),"Animal Husbandry, Dairying  &  Fisheries,Dalit Upliftment,Drinking Water,Education & Literacy,Health & Family Welfare,Micro Small & Medium Enterprises,Minority Issues,Rural Development & Poverty Alleviation,Tourism,Tribal Affairs,Women's Development & Empowerment,Youth Affairs"
1,	BRAVE VISION SPORTS FOUNDATION,"U85300TN2021NPL148796, SEETHAPATTY  (TAMIL NADU)",S/O-KUMARASAMY D.NO-24K/18 VANCHIAMAN PETROL BUNK(OPP) SEETHAPATTY Dindigul TN 624619 IN,"Education & Literacy,Sports"
2,	PANRUTI ONDRUPATTA ILAIGNER KAZHAKAM,"100/2014, Panruti (TAMIL NADU)","25,KAMARAJ NAGAR","Drinking Water,Education & Literacy,Environment & Forests,Human Rights,Information & Communication Technology,Labour & Employment,Women's Development & Empowerment,Youth Affairs"
3,(PAZHANI) KIRANUR SANMARGA GURUKULAM,"12/1956, PALANI (TAMIL NADU)"," (PAZHANI)KIRANURSANMARGA GURUKULAM
JOTHIPURAM,
KEERANUR,
PALANI(TK)
DINDIGUL(DT)624617","Children,Education & Literacy,Aged/Elderly,Food Processing,Skill Development"
4,2 THE CHILDREN FOUNDATION,"126, CHENNAI (TAMIL NADU)","NO.5, GANDHI SALAI LANE,
PAZHAVANTHANGAL,
ALANDUR,
CHENNAI-600114.","Agriculture,Children,Differently Abled,Education & Literacy,Aged/Elderly,Environment & Forests,Human Rights,Micro Small & Medium Enterprises,Rural Development & Poverty Alleviation,Urban Development & Poverty Alleviation,Vocational Training,Women's Development & Empowerment,Youth Affairs,Skill Development"
5,4 M TRUST,"178/2005, Chennai (TAMIL NADU)","No-4, Buhari building, Moores road, Chennai-600006","Women's Development & Empowerment,Any Other"
6,63 NAYANARS CHARITABLE TRUST,"74/2021, TIRUVANNAMALAI (TAMIL NADU)","NO.3, GIRIVALAM NAGAR ADIANNAMALAI, TIRUVANNAMALAI","Children,Civic Issues,Disaster Management,Education & Literacy,Food Processing,Rural Development & Poverty Alleviation,Any Other"
7,A C T Educational And Charitable Trust,"3847/2007, Chennai (TAMIL NADU)","No.2070, 1st Street, Vasantham Colony,Anna Nagar, Chennai-600040",Data Not Found
8,A D S EDUCATIONAL TRUST,"1479/2009, CHENNAI (TAMIL NADU)","G4, SALMASANJANA CASTLE, 185 CHOOLAIMEDU HIGH ROAD, CHOOLAIMEDU",Education & Literacy
9,A K EDUCATIONAL TRUST,"31/BK4/2014, THENI (TAMIL NADU)","NO.6, BAZZAR STREET, PERIYAKULAM ROAD, BOMMAIYAKARANPATTI ALLINAGARAM, THENI-625531, TAMILNADU, INDIA.","Children,Differently Abled,Education & Literacy,Human Rights,Rural Development & Poverty Alleviation,Water Resources,Women's Development & Empowerment,Skill Development,Agriculture,Health & Family Welfare"
10,A K SOCIAL WELFARE TRUST,"21/2019, VRIDDHACHALAM (TAMIL NADU)","A K SOCIAL WELFARE TRUST
187 APPAR STREET,
PERIYAR NAGAR SOUTH,
VRIDDHACHALAM-606001,
CUDDALORE DISTRICT
TAMILNADU","Agriculture,Animal Husbandry, Dairying  &  Fisheries,Art & Culture,Biotechnology,Children,Civic Issues,Dalit Upliftment,Differently Abled,Disaster Management,Drinking Water,Education & Literacy,Aged/Elderly,Environment & Forests,Food Processing,Health & Family Welfare,HIV/AIDS,Human Rights,Information & Communication Technology,Labour & Employment,Legal Awareness & Aid,Micro Finance (SHGs),Micro Small & Medium Enterprises,Minority Issues,Nutrition,Panchayati Raj,Scientific & Industrial Research,Urban Development & Poverty Alleviation,Vocational Training,Water Resources,Women's Development & Empowerment,Any Other"
1,Aarigaon Sanskrit Pathsala Managing Committee,"1560/LD/2006, Gyalshing (SIKKIM)","Yangthang Block, Aarigaon, PO Langang, Gyalshing, West Sikkim- 737111",Data Not Found
2,Aho yangtam Sanskrit patshala,"05/sp/sikkim, Gangtok (SIKKIM)",Aho Yangtam sanskrit pathsala p.o ranipool east sikkim gangtok 737135,Data Not Found
3,AJAMBARI SEVA SANGH,"1443, Gyalshing (SIKKIM)","General Secretary
Ajambari Seva Sangh
Sakyoung
West Sikkim
737111
","Art & Culture,Education & Literacy,Environment & Forests,Children,Disaster Management,Sports,Tribal Affairs,Vocational Training"
4,AKHIL SIKKIM ASAHAYA KALYAN SAMITI,"717, RONGLI (SIKKIM)","VILLDALAPCHAN, PORONGLI, PSRONGLI",Data Not Found
5,All Sikkim Muslim Women's Welfare Association,"2069, Gangtok (SIKKIM)",Raushan Manzil Building Near Helipad Lower Burtuk Gangtok East Sikkim,Data Not Found
6,Arithang Neel Gagan Development Society,"1173, Vol - I, Gyalshing  (SIKKIM)","Martam, Gyalshing, West Sikkim",Legal Awareness & Aid
7,Arithang Social Welfare Association,"58 Vol.No. 1 Dated 9.10.1980, , Gangtok (SIKKIM)","Arithang, Gangtok, East Sikkim",Children
8,Arithang Tinziring Amar Jyoti Sewa Samiti,"1585, Geyalsing (SIKKIM)","Arithang Tinziring, West Sikim",Data Not Found
9,Association for Social Health in India Sikkim,"460, Gangtok (SIKKIM)","Lower Burtuk,near Helipad Indira byepass road,Gangtok East Sikkim","Children,Health & Family Welfare,Women's Development & Empowerment,Youth Affairs"
10,BAPTIST CHURCH IN SIKKIM,"525, GANGTOK (SIKKIM)","P.O. Namcheybong, Pakyong
","Children,Education & Literacy,Any Other"
1,A B Skills,"1994551, Srinagar (JAMMU & KASHMIR)","51, Darulaslam, New Colony, Batamaloo","Vocational Training,Education & Literacy,Information & Communication Technology,Micro Small & Medium Enterprises,Rural Development & Poverty Alleviation,Civic Issues,Women's Development & Empowerment,Youth Affairs"
2,A P J MEMORIAL EDUCATIONAL TRUST,"01/86, GANDERBAL (JAMMU & KASHMIR)","DRUGTENGOO, PRENG KANGAN","Education & Literacy,Children,Differently Abled,Disaster Management,Environment & Forests,Health & Family Welfare,Human Rights,Legal Awareness & Aid,Sports,Vocational Training,Women's Development & Empowerment,Skill Development"
3,A R AZAD MEMORIAL FOUNDATION,"5813-S of 2009, Pulwama (JAMMU & KASHMIR)",Head office Koil Pulwama Kashmir J ,"Agriculture,Animal Husbandry, Dairying  &  Fisheries,Art & Culture,Children,Civic Issues,Differently Abled,Disaster Management,Drinking Water,Education & Literacy,Aged/Elderly,Environment & Forests,Health & Family Welfare,Human Rights,Information & Communication Technology,Labour & Employment,Legal Awareness & Aid,Rural Development & Poverty Alleviation,Sports,Tourism,Urban Development & Poverty Alleviation,Water Resources,Women's Development & Empowerment,Youth Affairs"
4,A.K. BUILDERS SANITATIONS,"2279-S, Srinagar (JAMMU & KASHMIR)", REGISTERED OFFICE COURT ROAD SRINAGAR,"Agriculture,Animal Husbandry, Dairying  &  Fisheries,Art & Culture,Children,Civic Issues,Differently Abled,Drinking Water,Education & Literacy,Aged/Elderly,Information & Communication Technology,Micro Finance (SHGs),Minority Issues,New & Renewable Energy,Tribal Affairs,Vocational Training,Women's Development & Empowerment"
5,A.N.I GROUP LTD,"6774-A-III-SGR, Srinagar (JAMMU & KASHMIR)","KURSU RAJ BAGH
SRINAGAR, KASHMIR
","Agriculture,Animal Husbandry, Dairying  &  Fisheries,Art & Culture,Civic Issues,Education & Literacy,Aged/Elderly,Food Processing,Information & Communication Technology,Micro Small & Medium Enterprises,Science & Technology,Vocational Training,Any Other"
6,Aab e Rawan,"6957-S, Srinagar (JAMMU & KASHMIR)",Hawal srinagar ,"Art & Culture,Children,Differently Abled,Education & Literacy,Environment & Forests,Health & Family Welfare,Tourism,Youth Affairs,Skill Development"
7,AABRU WOMENS WELFARE SOCIETY,"5777-S , SRINAGAR (JAMMU & KASHMIR)","BEMINA HAMDANIA COLONY, ","Children,Differently Abled,Education & Literacy,Food Processing,HIV/AIDS,Human Rights,Women's Development & Empowerment,Art & Culture,Biotechnology,Disaster Management,Drinking Water,Health & Family Welfare,Minority Issues"
8,AAGAZ-E- HUNAR,"848, Tangmarg (JAMMU & KASHMIR)",Chandilora Tangmarg Baramulla J,"Art & Culture,Children,Education & Literacy,Aged/Elderly,Health & Family Welfare,Human Rights,Urban Development & Poverty Alleviation,Women's Development & Empowerment,Skill Development"
9,Aagosh sultan ul arfeen yateem trust,"337/PD/15, SRINAGAR (JAMMU & KASHMIR)","MUSLIM ABAD, BEHIND ARISE HYUNAI SHOWROOM, BYE PASS, BEMINA SRINAGAR, KASHMIR
","Agriculture,Art & Culture,Biotechnology,Education & Literacy,Environment & Forests,Health & Family Welfare,Human Rights,Information & Communication Technology,Right to Information & Advocacy,Scientific & Industrial Research,Women's Development & Empowerment,Skill Development"
10,AAL-E-YASEEN HUMAN RESOURCES DEVELOPMENT SOCIETY,"6382-S, SRINAGAR (JAMMU & KASHMIR)","DAB GANDERBAL ,JAMMU AND KASHMIR 191131","Women's Development & Empowerment,Agriculture,Art & Culture,Children,Civic Issues,Disaster Management,Drinking Water,Education & Literacy,Aged/Elderly,Environment & Forests,Health & Family Welfare,Human Rights,Legal Awareness & Aid,Minority Issues,New & Renewable Energy,Sports,Tourism,Tribal Affairs,Urban Development & Poverty Alleviation,Vocational Training,Water Resources"
1,02 spa salon private limited,"U85100TG2008PTC061011, Hyderabad (TELANGANA)","8-2-293/82, Plot no 564/A32/2, Road No 92, MLA colony, Jubilee Hills","Rural Development & Poverty Alleviation,Vocational Training,Women's Development & Empowerment"
2,100 Smiles Charity Foundation,"1588, HYDERABAD (TELANGANA)","FLAT NO: 503, SAI RESIDENCY, KONDAPUR",Education & Literacy
3,1st guardian association,"1605, HYDERABAD (TELANGANA)","C/O INDIAN INSTITUTE OF AEROSPACE TECHNOLOGY AND MANAGEMENT, NO:158",Data Not Found
4,21 CENTURY PLANET FOUNDATION,"U85300TG2022NPL163203, Hyderabad (TELANGANA)","Flat No. 401, The Legend Apartments, 3-4-136,770 , Barakatpura","Environment & Forests,Any Other"
5,2CHANGE FOUNDATION,"U80904TG2022NPL159348, HYDERABAD (TELANGANA)","P NO 101 102 103, F NO 304, SWETHA, EXTENSION , RK PURAM, NULL, HYDERABAD TELANGANA ","Education & Literacy,Health & Family Welfare,Human Rights,Information & Communication Technology,Legal Awareness & Aid,Sports,Women's Development & Empowerment,Skill Development"
6,2ELMS,"63/2017, Secunderabad (TELANGANA)","H.No.540/9, Plot No. 9, Jonnabanda, Old Alwal,
Secunderabad - 500010",Data Not Found
7,7fruits,"39/2020, Khammam (TELANGANA)","3-9-147, Mohan Road,","Dalit Upliftment,Disaster Management,Drinking Water,Education & Literacy,Vocational Training,Women's Development & Empowerment,Any Other,Skill Development"
8,90Millionsmiles Foundation,"BK IV 31/2021, HYDERABAD (TELANGANA)","6-1-501/P/29, MIG Phase 1,
Hayathnagar, Vanastalipuram S.O,
K.V.RANGAREDDY, Telangana,INDIA",Data Not Found
9,A & B EDUCATIONAL AND WELFARE SOCIETY,"395/2008, Nizamabad (TELANGANA)","Yaqubpura,Bodhan road,Nizamabad",Education & Literacy
10,A G CHARITABLE TRUST,"4 OF 2022, MOTHKUR (TELANGANA)","DOOR NO:8-107, MOTHKUR MANDALAM,NEAR MRO OFFICE , YADADRI ,BHUVANAGIRI-508277",Data Not Found
1,	PROJECT IMPLEMENTING COMMITEE KINNOUR,"2506/82, RECKONG PEO (HIMACHAL PRADESH)",	PROJECT IMPLEMENTING COMMITEE (PIC) NEAR PNB BANK RECKONG PEO TEH KALPA DISTT KINNAUR HIMACHAL PRADESH PIN : 172107,Women's Development & Empowerment
2,Aadarshni Welfare Society,"1178/2018, Shimla (HIMACHAL PRADESH)","Lamba Cottage, Khalini, Shimla171002 (HP)","Education & Literacy,Art & Culture,Children,Environment & Forests,Health & Family Welfare"
3,AADHUNIK EDUCATION SOCIETY,"668/94/C/H/RC, DHARMSHALA (HIMACHAL PRADESH)","AADHUNIK PUBLIC SCHOOLTAPOVAN ROAD SIDHPUR
DHARMSHALA DISTT-KANGRA
(H.P) PIN -176057",Education & Literacy
4,Aakar Theatre Society,"HPCD-1588, Mandi (HIMACHAL PRADESH)","Village- Sehli, PO- Sehli, Tehsil-Kotli, Dist.- Mandi, State- Himachal Pradesh, Pin: 175052",Art & Culture
5,AASRA FOUNDATION,"1237/2018, Kangra (HIMACHAL PRADESH)",AASRA FOUNDATION C/O SH PRAKASH CHAND VILLAGE AMBARI P.O. MALAN TEH. NAGROTA BAGWAN DISTT. KANGRA HP-176047,"Children,Education & Literacy,Human Rights,Women's Development & Empowerment,Youth Affairs,Any Other"
6,Aasthawelfaresociety Nahan,"119/96, Nahan (HIMACHAL PRADESH)",Aastha welfare society Nahan Near Panchayat Bhawan Pucca Tank,"Children,Differently Abled,Education & Literacy,Aged/Elderly,Vocational Training"
7,Aavishkaar Yaatraa ,"394/2016, Palampur (HIMACHAL PRADESH)","Village Kamlehar, Mouza Kandbari",Education & Literacy
8,ABHILASHI SHIKSHA SAMITI,"48/2001, MANDI (HIMACHAL PRADESH)","PO NERCHOWK,",Data Not Found
9,Abhinaya Durpan,"396/2006, Shimla (HIMACHAL PRADESH)","House No. 145/6
Muslim Trust Building
Lower Bazar",Art & Culture
10,ABHIVIBHA EDUCATION AND ENVIRONMENTAL DEVELOPMENT WELFARE SOCIETY,"278/2009, SHIMLA (HIMACHAL PRADESH)","VILLAGE PALYAR,PO AND TEHSIL SUNNI","Agriculture,Art & Culture,Children,Civic Issues,Dalit Upliftment,Differently Abled,Disaster Management,Drinking Water,Education & Literacy,Aged/Elderly,Environment & Forests,Health & Family Welfare,HIV/AIDS,Human Rights,Legal Awareness & Aid,New & Renewable Energy,Nutrition,Panchayati Raj,Right to Information & Advocacy,Rural Development & Poverty Alleviation,Sports,Tourism,Tribal Affairs,Urban Development & Poverty Alleviation,Vocational Training,Women's Development & Empowerment,Youth Affairs"
1,17000 Ft Foundation,"U93000DL2012NPL2384152012-2013, Guragaon (HARYANA)","Q-139, South City-1, Gurgaon, Haryana, 122001","Education & Literacy,Tourism,Children,Rural Development & Poverty Alleviation"
2,37 LINKS DRIVER WELFARE SOCIETY,"HR019202002101, BALLABHGARH (HARYANA)","PLOT NO. 80, SECTOR58, TRANSPORT NAGAR, BALLABHGARH, FARIDABAD (HR)121004",Any Other
3,3R WASTE Foundation,"U93000HR2016NPL066024, Gurgaon (HARYANA)","128, National Media Centre, NH-8, Gurugram","Drinking Water,Environment & Forests,Micro Finance (SHGs),Urban Development & Poverty Alleviation,Vocational Training"
4,3RD BELL FOUNDATION,"407-2021-2022, Faridabad  (HARYANA)",H.No FCA -2760 S.G.M Nagar Faridabad-121001,Data Not Found
5,3RZW Environment Foundation,"AABCZ5990L, Gurgaon (HARYANA)","328 EROS CORPORATE PARKBLOCK-K, IMT MANESARGURUGRAM, HARYANA","Disaster Management,Education & Literacy,Environment & Forests,Micro Small & Medium Enterprises,New & Renewable Energy,Rural Development & Poverty Alleviation,Urban Development & Poverty Alleviation,Vocational Training,Women's Development & Empowerment"
6,A BETTER CHANCE PROVIDER CHARITABLE TRUST,"2015/11/25/20, BHIWANI (HARYANA)","HOUSE NO. 355, RAM NAGAR COLONY, BHIWANI, HARYANA","Agriculture,Art & Culture,Civic Issues,Drinking Water,Education & Literacy,Food Processing,Right to Information & Advocacy,Water Resources,Any Other,Skill Development"
7,A FOUNDATION TRUST,"HR/GGN/2021/1815, GURGAON (HARYANA)","S-235FF UPPAL, SOUTHEND, SECTOR-49","Art & Culture,Food Processing,Health & Family Welfare,Children,Education & Literacy,Environment & Forests,Human Rights,Vocational Training,Any Other,Skill Development"
8,A K YUVA SHAKTI TRUST,"1662, ROHTAK (HARYANA)",VILLAGE AND POST OFFICE KHARAWAR TEHSIL SAMPLA DISTRICT ROHTAK HARYANA,"Children,Education & Literacy,Labour & Employment,Rural Development & Poverty Alleviation,Sports,Vocational Training,Youth Affairs,Any Other,Art & Culture,Women's Development & Empowerment"
9,A New Friends Club,"HR/009/2022/00633, Jind (HARYANA)","Village Nidana, Distt. Jind-126114 (Haryana)","Agriculture,Education & Literacy,Human Rights,Information & Communication Technology,Legal Awareness & Aid,Right to Information & Advocacy,Rural Development & Poverty Alleviation,Women's Development & Empowerment"
10,A S EDUCATION AND WELFARE SOCIETY,"00874, Bhiwani (HARYANA)",VPO Tigrana Distt Bhiwani Haryana 127021,"Education & Literacy,Vocational Training"
1,.SWAMI SHRI MANOHARRANAND MANU SEVA SANGH,"E/1479/SURAT, SURAT (GUJARAT)","AT. :- KAVERI SANGAM , ANAVAL CROSS
TA. :- MAHUVA , DIST.:- SURAT","Education & Literacy,Aged/Elderly,Health & Family Welfare,Women's Development & Empowerment,Any Other"
2,1995HOPE OF LIGHT ASSOCIATION,"U85300GJ2022NPL134966, ANAND (GUJARAT)",7/A BHAILAL RESIDENCY NR SAI BABA MANDIR VILLAGE KARAMSAD (M) TALUKA ANAND DIST. ANAND GUJARAT INDIA 388325,"Children,Education & Literacy,Health & Family Welfare,Human Rights,Women's Development & Empowerment,Youth Affairs,Any Other,Skill Development"
3,1MILLION ENTREPRENEURS INTERNATIONAL FORUM,"U80903GJ2023NPL138272, Ahmedabad  (GUJARAT)","C-504,PARMESHWAR-4,SCHOOL,BH GODREJ GARDEN CITY,JAGATPUR AHMEDABAD Ahmedabad GJ 382470 INDIA",Data Not Found
4,365 FOUNDATION RAJKOT,"E â€“ 11222 â€“ RAJKOT, RAJKOT (GUJARAT)",â€œSOHAMâ€ SHREE RAM PARK MAIN ROAD NEAR VARUDI DAIRY FARM BEHIND BALAJI HALL 150 FEET RING ROAD,Data Not Found
5,451 VARSH JUNA PATLIYA VIRVADI HANUMAN CHARITABLE TRUST,"A/590/NAVSARI, NAVSARI (GUJARAT)","BESIDE VIRVADI TEMPLE,Dharagiri, Kabilpore S.O, NAVSARI,
Gujarat, INDIA396424",Data Not Found
6,84 KP PRAGATI MEHSANA,"A/2741/Mehsana, Mehsana (GUJARAT)","6/7/8, prabhu complax , third floor, near rajkamal petrol pump highway, mehsana",Data Not Found
7,9 TO 9 DESTINY GROUP CHARITABLE TRUST,"E/7299, SURAT (GUJARAT)","D-110,MAHADEV NAGAR,PARVAT GAM,SURAT",Data Not Found
8,A S FOUNDATION AND CHARITABLE TRUST,"F/5655/BK, PALANPUR (GUJARAT)","A S FOUNDATION AND CHARITABLE TRUST
65 SHAKTI NAGAR NEAR BRIJASHVAR COLONY PART:1 PALANPUR DIST: BANSHKANTHA PIN 385001 GUJARAT",Vocational Training
9,A v vision foundation,"F/19382/AHMEDABAD, AHMEDABAD (GUJARAT)","B-211, RUDRA ARCADE, B/S. MAYFLOWER HOSPITAL, HELMET CIRCLE, MEMNAGAR , AHMEDABAD.",Health & Family Welfare
10,A.V. Jasani T.B Hospital Trust,"E-71 Rajkot, Rajkot (GUJARAT)","""Yogidham Gurukul"", Kalawad Road, Rajkot360005",Data Not Found
1,AASTHA,"1030/Goa/2010, Mapusa (GOA)","Nr. Urban Health Centre, Ghateshwarnagar, Khorlim, Mapusa.","Differently Abled,Education & Literacy,Vocational Training"
2,ABHIVYAKTEE,"172/Goa/2001, Panaji (GOA)","AbhivyakteePanaji
C/o Sandip Deshpande
A/3 Kamdhenu
Dr D.V.Road
PanajiGOA 403001",Art & Culture
3,ADARSH KRISHI KHAREDI VIKRI PRAKRIYA SAHAKARI SAUNSTHA MARYADIT,"5/486/1993/ARS2/MKT, CANCOLIM BALI (GOA)",KARWAR MAIN ROAD BALI CuncoliGOA SOUTH- ,"Agriculture,Food Processing,Rural Development & Poverty Alleviation"
4,Adarsh Vidya prasarak mandal,"12/1964, SHIRODA (GOA)","C/O SMT KAMLABAI HEDE HIGH SCHOOL.
SHIRODA-PONDA-GOA",Education & Literacy
5,ADARSH YUVA SANGH GAONDONGRI KOTIGAO,"94/Goa/2002, Goa (GOA)","GaondongrimKotigao, Canacona,",Data Not Found
6,ADVENTZ FOUNDATION,"488/Goa/2011, MORMUGAO (GOA)","JAI KISAAN BHAWAN, ZUARINAGAR","Education & Literacy,Agriculture,Rural Development & Poverty Alleviation,Women's Development & Empowerment,Skill Development"
7,Aggressive Goans,"54/GOA/2019, PONDA (GOA)","Kapileshwari, Ponda Goa","Agriculture,Art & Culture,Education & Literacy,Environment & Forests,Human Rights,Labour & Employment,Legal Awareness & Aid,New & Renewable Energy,Panchayati Raj,Prisoner's Issues,Right to Information & Advocacy,Rural Development & Poverty Alleviation,Women's Development & Empowerment,Skill Development"
8,AIC-GIM Foundation,"U93090GA2018NPL013511, Sanquelim (GOA)",c/o Goa Institute of Management PORIEM SATTARI North Goa GA 403000 IN,Data Not Found
9,Akhil Gomantak Maratha Rajak Samaj,"41/Goa/89, Porvorim (GOA)","Sant Gadge Maharaj Sabhagraha, Gadge baba chowk, Pundalik Nagar, Alto Porvorim, Bardez Goa","Aged/Elderly,Women's Development & Empowerment,Youth Affairs"
10,AKHIL VISHWA JAI SHRIRAM GOSANVARDHAN KENDRA VALPOI ,"1 Of Book No.IV, Vol I , Valpoi (GOA)","H,NO:-61/1,Betkikarwada,Nanus ValpoiTaluka- Sattari, District-North, State-Goa","Animal Husbandry, Dairying  &  Fisheries"
1,Aim Education Society ,"11/2009, moti daman (DAMAN & DIU)","Bhitwadi, Daman wada,Near Moti Daman. 396220. Daman ","Education & Literacy,Information & Communication Technology"
2,DAMINI WOMEN'S FOUNDATION,"06/2012, Daman (DAMAN & DIU)","Hiren Park, Wing B
Cross Lane 3, Tinbatti
DilipnagarNani Daman","Art & Culture,Children,Differently Abled,Education & Literacy,Aged/Elderly,Environment & Forests,Food Processing,Health & Family Welfare,Information & Communication Technology,Labour & Employment,Sports,Vocational Training,Women's Development & Empowerment,Youth Affairs"
3,holy name church,"HQ-II/C-64/SR/78, Moti Daman (DAMAN & DIU)","AT POST.MOTI DAMAN
DIST- UT, PIN- 396220",Education & Literacy
4,"JAN SHIKSHAN SANTHAN, DIU","04/2021-22, DIU (DAMAN & DIU)","Swaminarayan School, Fudam, DIu-362520","Skill Development,Education & Literacy,Science & Technology,Tourism,Vocational Training,Women's Development & Empowerment,Any Other"
5,Manav Kalyan Youth Welfare Union Trust,"Soc/Col/Diu/2004-05/02, Vanakbara (DAMAN & DIU)","H.No. 2335, Khajuriya Street, Main Road, Vanakbara - Diu.
Pin-362570.",Data Not Found
6,OM SAI KALYAN SAMITI DARBHANGA,"ggggggggggg5, ara (DAMAN & DIU)",yhjfgyghgh,Any Other
7,our lady of remedios church,"HQ-II/C-72/SR/78, Moti Daman (DAMAN & DIU)","AT POST. MOTI DAMAN
DIST- UT, PIN- 396220
",Education & Literacy
8,our lady of the sea church,"HQ-II/O-8/SR/78, Nani Daman (DAMAN & DIU)","AT POST.NANI DAMAN
DIST- UT, PIN- 396210
",Education & Literacy
9,Samast Yuva Mandal,"03/2018-19, Diu (DAMAN & DIU)","H.No,704, Jalaram Society, Vanakbara","Agriculture,Art & Culture,Disaster Management,Education & Literacy,Health & Family Welfare,Panchayati Raj,Sports,Youth Affairs"
10,Sanyukt Yuva Mandal,"07/2012-13, Diu (DAMAN & DIU)","H.No,704, Jalaram Society, Vanakbara","Agriculture,Art & Culture,Disaster Management,Education & Literacy,Health & Family Welfare,Information & Communication Technology,Panchayati Raj,Sports,Youth Affairs,Agriculture,Art & Culture,Disaster Management,Education & Literacy,Health & Family Welfare,Panchayati Raj,Sports,Youth Affairs"
1,	ASSOCIATION FOR INDIA INTERNATIONAL MEDIATION AND ARBITRATION SERVICES,"U85300DL2020NPL366426, SOUTH DELHI (DELHI)","F-2 BASEMENT, KAILASH COLONY, DELHI South Delhi DL 110048",Data Not Found
2,	ASSOCIATION FOR SOCIAL SERVICE AND REHABILITATION OF THE AGED ASSRA,"42540 OF 2002, New Delhi (DELHI)","BB-9-G, DDA FLATS, Munirka, Third Floor","Education & Literacy,Health & Family Welfare,Aged/Elderly,Differently Abled,Environment & Forests,Rural Development & Poverty Alleviation,Tribal Affairs,Vocational Training,Women's Development & Empowerment"
3,	KAIVALYA PLAYS FOUNDATION,"	U85300DL2021NPL377030, DELHI (DELHI)","A-41, IFS APARTMENTS, PHASE-I MAYUR VIHAR -I DELHI -110091","Art & Culture,Any Other"
4,	RAKSHAK FOR HUMAN ALLIANCE FOUNDATION,"	276977, Delhi (DELHI)","HOUSE NO 8646 GROUND FLOOR GAUSHALLA ROAD LANDMARK GALI GOPAL WALI, NEW ROHTAK ROAD, KAROL BAGH NEW DELHI Central Delhi DL 110005 IN","Children,Education & Literacy,Aged/Elderly,Vocational Training,Women's Development & Empowerment,Any Other"
5,	SHREEDHARA HUMAN WELFARE FOUNDATION,"U85300DL2019NPL348962, Dwarka (DELHI)","RZ F-760/64 Raj Nagar, PALAM COLONY, NEW DELHI South West Delhi DL 110077","Drinking Water,Education & Literacy,Food Processing,Labour & Employment,Women's Development & Empowerment,Environment & Forests"
6,	SOCIAL RESPONSIBILITY COUNCIL,"U93000DL2015NPL278072, New Delhi (DELHI)","114F/F,PRATAP BHAWAN,BAHADURSHAH ZAFAR MARG, NEAR PYARY LAL BHAWAN DELHI Central Delhi 110002","Disaster Management,Drinking Water,Education & Literacy,Environment & Forests,Health & Family Welfare,Human Rights,Information & Communication Technology,Labour & Employment,Minority Issues,Panchayati Raj,Rural Development & Poverty Alleviation,Science & Technology,Tribal Affairs,Urban Development & Poverty Alleviation,Vocational Training,Water Resources,Women's Development & Empowerment,Youth Affairs,Skill Development"
7,	YATHARTHBODH FOUNDATION,"U85300DL2022NPL400259, NAND NAGRI (DELHI)",490 1ST FLOOR JANTA FLAT GTB ENCLAVE NAND NAGRI DELHI EAST DELHI-110093,"Agriculture,Art & Culture,Children,Education & Literacy,Health & Family Welfare,Labour & Employment,Rural Development & Poverty Alleviation,Women's Development & Empowerment,Skill Development"
8,21VI Sadi Shiksha Trust,"1418, Delhi (DELHI)","BH-207, Ground Floor, East Shalimar Bagh, Delhi-110088","Agriculture,Animal Husbandry, Dairying  &  Fisheries,Art & Culture,Dalit Upliftment,Differently Abled,Disaster Management,Education & Literacy,Environment & Forests,Health & Family Welfare,HIV/AIDS,Human Rights,Information & Communication Technology,Minority Issues,Rural Development & Poverty Alleviation,Women's Development & Empowerment,Youth Affairs,Any Other"
9,24X7 Care Foundation,"S/2286/SDM/NW/2015, NEW DELHI (DELHI)","H.No-69, 1 st Floor, Block-B, Pocket-5, Sector-4, Rohini, Delhi-110085","Children,Aged/Elderly,Health & Family Welfare,Women's Development & Empowerment"
10,321 Education Foundation,"2415, New Delhi (DELHI)","55-A, JOR BAGH",Education & Literacy
1,AADESH DIGITAL SOLUTIONS PRIVATE LIMITED,"U72900CH2019PTC042415, chandigarh (CHANDIGARH)","sco 188-190, sector 354-a",Data Not Found
2,Acharyakul Chandigarh,"4293 of 2013, Chandigarh (CHANDIGARH)","Acharyakul ChandigarhGandhi Smarak Bhawan, Sector16-A, Chandigarh (U.T.) 160015","Art & Culture,Children,Environment & Forests,Health & Family Welfare,Legal Awareness & Aid,Vocational Training,Women's Development & Empowerment,Youth Affairs"
3,ADARSH SHIKSHA SAMITI ASSANDH,"ROS-435, HARYANA (CHANDIGARH)","HARYANA, CHANDIGARH",Data Not Found
4,AHSAS: Association For Health Systems Analysis & Strengthening,"4748 of 2018, Chandigarh (CHANDIGARH)","Department of Community Medicine, School of Public Health, PGIMER, Chandigarh","Health & Family Welfare,Any Other"
5,Alankartheatrechd,"4225, chandigarh (CHANDIGARH)","H. no -3184 , Housing Board Complex, EWS Society , sector -52 d , chandigarh","Agriculture,Art & Culture,Children,Education & Literacy,Human Rights,Labour & Employment,Panchayati Raj,Urban Development & Poverty Alleviation,Women's Development & Empowerment"
6,ALLIANCE FRANCAISE LE CORBUSIER DE CHANDIGARH,"1146, CHANDIGARH (CHANDIGARH)","NEXT TO HIBISCUS GARDEN , SECTOR-36 A CHANDIGARH","Art & Culture,Civic Issues,Education & Literacy"
7,AMRIT CANCER FOUNDATION,"2374, CHANDIGARH (CHANDIGARH)",353 SECTOR 44-A,Health & Family Welfare
8,Angel Smayra care Foundation,"124250, chandigarh (CHANDIGARH)","133/1, Khuda jassu, Chandigarh","Education & Literacy,Differently Abled"
9,Appworx IT Solutions Private Limited,"U72900CH2012PTC033966, Chandigarh (CHANDIGARH)","Netsmartz House, Plot Number 10, Rajiv Gandhi Technology Park, Chandigarh-160101",Data Not Found
10,Armaan Foundation Chandigarh,"4291, Chandigarh (CHANDIGARH)","Office 2682, Sector 40 C, Chandigarh, India","Art & Culture,Children,Education & Literacy,Aged/Elderly,Sports,Tourism,Urban Development & Poverty Alleviation,Vocational Training,Women's Development & Empowerment"
1,21ST CENTURY EDUCATION SOCIETY,"XXI OF 1860 REGD NO 31903, JANJGIR (CHHATTISGARH)",BRILLIANT PUBLIC SCHOOLAKALTARA ROADJANJGIR,Education & Literacy
2,A K VIKASSHEEL SHIKSHAN SANSTHAN,"27693, KORBA (CHHATTISGARH)",HOUSE NO-675 AARAMASHIN NEW KASHI NAGAR NIHARIKA KORBA CHHATTISGARH ,Data Not Found
3,A NEW HOPE & STRENGTH FOUNDATION SOCIETY,"122202239340, Surajpur (CHHATTISGARH)","HIG-406, SECTOR-27, NAYA RAIPUR","Animal Husbandry, Dairying  &  Fisheries,Art & Culture,Children,Dalit Upliftment,Differently Abled,Drinking Water,Education & Literacy,Aged/Elderly,Environment & Forests,Health & Family Welfare,Information & Communication Technology,Labour & Employment,Micro Small & Medium Enterprises,Minority Issues,New & Renewable Energy,Panchayati Raj,Rural Development & Poverty Alleviation,Scientific & Industrial Research,Sports,Tribal Affairs,Urban Development & Poverty Alleviation,Vocational Training"
4,A New Path of Life Foundation,"122201871554, RAIPUR (CHHATTISGARH)","250/1 RAMPARA WARD NO. 16, PAMGARH, MEHANDI, JANJGIR-CHAMPA, STATE CHHATTISGARH, INDIA, PIN- 495556","Agriculture,Animal Husbandry, Dairying  &  Fisheries,Art & Culture,Biotechnology,Children,Civic Issues,Dalit Upliftment,Disaster Management,Drinking Water,Education & Literacy,Environment & Forests,Food Processing,Health & Family Welfare,HIV/AIDS,Human Rights,Legal Awareness & Aid,Micro Finance (SHGs)"
5,A S B S FOUNDATION,"31668, BHILAI (CHHATTISGARH)","SHAKUNTALA VIDHYALAY ROAD, GAYATRI MANDIR WARD NO 13, RAMNAGAR BHILAI, DIST- DURG","Women's Development & Empowerment,Vocational Training"
6,A Society for education welfare and ability,"6130, Bhilai (CHHATTISGARH)","LIG 149 OLD DEENDAYAL COLONY JUNWANI ROAD BHILAI BHILAI
CHHATISHGARH490020","Education & Literacy,Health & Family Welfare,Information & Communication Technology,Vocational Training,Any Other"
7,AABHAR GREEN ENERGY & TRIBAL DEVELOPMENT FOUNDATION,"U85190CT2022NPL012635, BILASPUR (CHHATTISGARH)",CLC PLAZA Shop No.FS31 Mangla,"Agriculture,Art & Culture,Disaster Management,Drinking Water,Education & Literacy,Environment & Forests,Human Rights,Minority Issues,Tribal Affairs,Vocational Training"
8,AACHALMAHILA SWA SAHAYATA SAMUH,"31229, Kawardha (CHHATTISGARH)","Ward No.16, Near Holicrass School, Shankar Ghat, Kawardha, District-Kabirdham (Chhattisgarh)","Food Processing,Health & Family Welfare,HIV/AIDS,Human Rights,Urban Development & Poverty Alleviation,Women's Development & Empowerment"
9,AADARSH CHHABBINATH DUBEY SHIKSHAN SAMITI,"461, SURAJPUR (CHHATTISGARH)","NEAR SHANKAR MANDIR KETKA ROAD, MANPUR DIST.-SURAJPUR",Agriculture
10,Aadarsh Foundation,"IN-DL53953647265344S, jashpur (CHHATTISGARH)","Head Office : Palace Road, Banki Toli Jashpur Nagar, District-Jashpur",Data Not Found
1,BALWATIKA SOCIETY HELERS OF MARY,"6/94, Dadra and Nagar Haveli (DADRA & NAGAR HAVELI)",Balwatika Society of Helpers of Mary,"Children,Education & Literacy,Women's Development & Empowerment"
2,BHARATIYA ADIM JATI SEVAK SANGH,"S-404, Silvassa (DADRA & NAGAR HAVELI)","Bharatiya Adim Jati Sevak Sangh, Branch Khanvel, Dadra Nagar Haveli, (UT)","Tribal Affairs,Vocational Training,Women's Development & Empowerment,Youth Affairs,Skill Development"
3,BJJ MEMORIAL EDUCATIONAL CHARITABLE TRUCT,"2249/09, SILVASSA (DADRA & NAGAR HAVELI)","491/1/P, BHOYAPADA, Nr. ALOK CITY, SAYLI",Any Other
4,church of sacred heart of jesus,"HQ-II/C-64/SR/77, Dapada (DADRA & NAGAR HAVELI)","AT POST. DAPADA, TOWN-SILVASSA
DIST:UTPIN. 396230
",Education & Literacy
5,Deshaj Pratisthan,"20/DP/2013, Silvassa (DADRA & NAGAR HAVELI)","House No. 306, Parzai, GP-Kherdi, UT of Dadraand nagar haveli daman and diu","Art & Culture,Children,Civic Issues,Education & Literacy,Health & Family Welfare,Land Resources,Rural Development & Poverty Alleviation,Tribal Affairs,Women's Development & Empowerment,Youth Affairs"
6,Gyanmata Eudcational Society,"2/82, silvassa (DADRA & NAGAR HAVELI)","premal deep, zanda chowk","Children,Education & Literacy"
7,Human Rights Mission,"15/HRM/2017, Silvassa (DADRA & NAGAR HAVELI)","Plot No. 126, kilvani naka,
Near Jalaram Temple,
Silvassa",Human Rights
8,HUMANISTS INDIA FOUNDATION,"U85300DN2022NPL005726, SILVASSA (DADRA & NAGAR HAVELI)","A407, TIRUPATI RESIDENCY, NR. BALAJI MANDIR, AMLI CHAR RASTA SILVASSA DADRA ","Labour & Employment,Agriculture,Civic Issues,Education & Literacy,Environment & Forests,Food Processing,Human Rights,Legal Awareness & Aid,Nutrition,Urban Development & Poverty Alleviation,Women's Development & Empowerment,Youth Affairs,Skill Development"
9,Indian Red Cross Society,"constituted under Act XV, silvassa (DADRA & NAGAR HAVELI)","Indian Red Cross Society,
Dadra ","Aged/Elderly,Children,Differently Abled,Education & Literacy,Health & Family Welfare"
10,Jan Shikshan Sansthan DNHS,"13/JSSDandNHS/2009, Silvassa (DADRA & NAGAR HAVELI)","Jan Shikshan SansthanRamsadan, Beside Central Library,
Opposite Town Hall, Vapi Road,
Silvassa - 369 230 UT of Dadra and Nagar Haveli
U.T. of Dadra ","Education & Literacy,Vocational Training,Women's Development & Empowerment"
1,	BRIGHT FUTURE FOR PEOPLES AND RURAL AREA DEVELOPMENT OF ASSAM,"RS/MRG/245/G/02, Morigaon (ASSAM)","Old UBI Bank Building, 2nd floor, Bhuragaon Natun Bazar, P.O. Bhuragaon, P.S. Bhuragaon, MARIGAON, 782121","Agriculture,Animal Husbandry, Dairying  &  Fisheries,Art & Culture,Biotechnology,Children,Civic Issues,Dalit Upliftment,Differently Abled,Disaster Management,Drinking Water,Education & Literacy,Aged/Elderly,Environment & Forests,Food Processing,Health & Family Welfare,HIV/AIDS,Housing,Human Rights,Information & Communication Technology,Labour & Employment,Land Resources,Legal Awareness & Aid,Micro Finance (SHGs),Micro Small & Medium Enterprises,Minority Issues,New & Renewable Energy,Nutrition,Panchayati Raj,Prisoner's Issues,Right to Information & Advocacy,Rural Development & Poverty Alleviation,Science & Technology,Scientific & Industrial Research,Sports,Tourism,Tribal Affairs,Urban Development & Poverty Alleviation,Vocational Training,Water Resources,Women's Development & Empowerment,Youth Affairs,Any Other,Skill Development"
2,A CHIK BAPTIST CONVENTION,"29, BONGAIGAON (ASSAM)","BAGPARA, P.O KHAGARPUR, DIST: BONGAIGAON","Any Other,Agriculture,Children,Education & Literacy,Health & Family Welfare,Women's Development & Empowerment,Youth Affairs"
3,A RAY OF HOPE SOCIETY,"NCH/259//B/13, HAFLONG (ASSAM)","C/O:Madhu Sudhan Sarkar,Haflong Bazar
PO/PS:HAFLONG",Youth Affairs
4,A SOCIAL FOR HUMAN RESOURCE ORGANISATION AND IMPROVEMENTS,"RS/NAL/246/G/13 OF 2010-2011, Nalbari (ASSAM)","Rup Nagar, Nalbari Gaon, PO- Gopalbazar,
",Civic Issues
5,AADHAAR SHIKSHA TRUST,"9214, GUWAHATI (ASSAM)","C/o MINI BORO, HOUSE NO 21, ULUBARI, KACHARI BASTI, GUWAHATI 781007",Education & Literacy
6,Aaditri Foundation,"RS/KAM(M)/263/T/345, GUWAHATI (ASSAM)","H.No-01, August Kanti Path, Beltola, P.O. Khanapara, P.S. Dispur, Guwahati, District- Kamrup Metro, Assam, ",Data Not Found
7,AADYA SRISHTI KALA MANDIR CULTURAL SOCIETY,"RS/TSK/244/F/13 of 2018-2019, Tinsukia (ASSAM)","S. DAHUTIA ROAD ,
BORPATHAR , TINSUKIA , TINSUKIA","Art & Culture,Children,Education & Literacy,Environment & Forests,Rural Development & Poverty Alleviation,Women's Development & Empowerment,Youth Affairs,Health & Family Welfare,Legal Awareness & Aid"
8,AAGAN,"RS/KJR/253/T/23 OF 2019 - 2020, Kokrajhar (ASSAM)","Hathimata Road, Ward No: 8, Opposite Surat Press, Kokrajhar, Assam.","Agriculture,Education & Literacy,Environment & Forests,Health & Family Welfare,Rural Development & Poverty Alleviation"
9,AAGAN CHARITABLE TRUST,"1497/IV/75, KOKRAJHA (ASSAM)","SANTINAGAR
PO- DOTMA
DIST-KOKRAJHAR
ASSAM",Data Not Found
10,AAINA,"KAM(M)263/C/672-2012-13, Guwahati (ASSAM)","H.No.26, Pragati path, Chandan nagar, Ghoramara, P.O.Beltola,Guwahati-28",Women's Development & Empowerment
1,	Maitreya Project,"956, GAYA (BIHAR)","BODHGAYA, GAYA-BIHAR
PIN-824231",Data Not Found
2,	RAJA BHAIYA FOUNDATION,"U80901BR2022NPL056293, VAISHALI (BIHAR)","VIL-AFAJALPUR, P.O-CHAKMARUF, PANC- MISRAULIA AFAJALPUR, VAISHALI","Aged/Elderly,Rural Development & Poverty Alleviation,Skill Development,Education & Literacy"
3,	SIKSHA AAROGYAM FOUNDATION,"U85300BR2022NPL057204, GARDANIBAGH (BIHAR)",C/O SRI VIRENDRA MOHAN PD NEW YARPUR BEHIND JHUN MAHAL GARDANIBAGH PATNA Patna BR 800001 IN,Data Not Found
4,21ST CENTURY RURAL DEVELOPMENT INSTITUTE.,"78/1989-90, JHANJHARPUR (BIHAR)","VILLAGE AND POSTSUKHET, VIAJHANJARPUR, DISTRICTMADHUBANI, BIHAR847404",Data Not Found
5,24x7ministry,"4109/2010, PATNA (BIHAR)","aprajita building, First Floor, Opp. A.N. College, Near axis Bank
Boring Road",Children
6,360 Research Foundation,"7834/2017, Narkatiaganj (BIHAR)","Tumakadiya, Post Office:- Rajpur (Madan), Pin Code- 845455, Police Station:- Shikarpur, District:- West Champaran, Bihar, India","Science & Technology,Agriculture,Biotechnology,Children,Disaster Management,Drinking Water,Education & Literacy,Environment & Forests,Micro Small & Medium Enterprises,New & Renewable Energy,Rural Development & Poverty Alleviation,Scientific & Industrial Research,Any Other"
7, 3H FOUNDATION,"058489, MUZAFFARPUR  (BIHAR)","C/O RUKHSANA KHATOON,VILL-MUZAFFARPUR TOLA WARD NO33,BLOCK-MUSAHRI MUZAFFARPUR Muzaffarpur BR 842002 IN
","Dalit Upliftment,Education & Literacy,Health & Family Welfare,Art & Culture,Women's Development & Empowerment,Children,Differently Abled,Disaster Management,Aged/Elderly,Environment & Forests,Human Rights,Labour & Employment,Legal Awareness & Aid,Rural Development & Poverty Alleviation,Science & Technology,Vocational Training,Skill Development"
8,A BRILLIANT CHARITABLE AND DEVELOPMENT TRUST,"DEED NO.- 18, JEHANABAD (BIHAR)","PURNI BIJLI COLONY, P.O. P.S.JEHANABAD","Art & Culture,Education & Literacy,Aged/Elderly,HIV/AIDS,Skill Development"
9,A CENTER FOR CULTURAL EDUCATIONAL & SOCIAL SUFFERERS(ACCESS),"491/91-92, PATNA (BIHAR)","R.O.: C/O YATINDRA MOHAN SHANDILYA,JAGAT NARAYAN LAL ROAD, KADAMKUAN; H.O.: C/O SANJEEV MEDICALS, OPP. SBI, ASHOK RAJPATH, MAHENDRU,PATNA- 6;
BRANCHES:
(a) ANKITA ARVIND, H202, SMONDO-3, NEOTOWN, ELECTRONIC CITY, PHASE-1, BANGALORE-560100
(b) DR. M K MISHRA, WARD NO. 2, NAWA TOLI, SANA ROAD, JASPUR NAGAR, CHHATTISGARH-496331
(c) YOGITA YAMINI,5/201,SHALIMAR STERLING,RAISEN ROAD,BHOPAL-462022","Agriculture,Vocational Training,Women's Development & Empowerment,Art & Culture,Biotechnology,Differently Abled,Dalit Upliftment,Education & Literacy,Aged/Elderly,Health & Family Welfare,Legal Awareness & Aid,Nutrition,Rural Development & Poverty Alleviation,Human Rights,Prisoner's Issues,Urban Development & Poverty Alleviation,Any Other"
10,A FUTURE OF CHILDREN IN BODHGAYA SOCIETY ,"51/2004, GAYA (BIHAR)",VILL DURGAPUR MONIA ,Education & Literacy
1,(ANKITA) Association for Needy and Kindle the Illiterate through Action,"16/1994, Machilipatnam (ANDHRA PRADESH)","Flat no-101, Plot nos-919, 921, Sri Saidatta Residency, Defence colony, Sinnikpuri Post, Secunderabad-500 094, Telangana State, India.","Rural Development & Poverty Alleviation,Agriculture,Education & Literacy,Environment & Forests,HIV/AIDS,Tribal Affairs,Water Resources,Women's Development & Empowerment"
2,22ND BATCH OF JNVP,"5/2019, TADEPALLIGUDEM (ANDHRA PRADESH)","4-431, RAMANNAGUDEM ROAD, PEDATADEPALLI, TADEPALLIGUDEM, WEST GODAVARI DISTRICT, ANDHRA PRADESH, 534101",Data Not Found
3,3F SWABHIMAAN FOUNDATION,"38/2015, Racherla (ANDHRA PRADESH)","3F Swabhimaan Foundation
Racherla Village
Pentapadu (Mandal)
West Godavari Dist.
Andhrapradesh-534166
Mobil:9951824777","Children,Aged/Elderly,Vocational Training"
4,3T FOUNDATION,"BK4/5/2022, RAJANAGARAM (ANDHRA PRADESH)",111-3-181 RAMALAYAM STREET NARENDRAPURAM RAJANAGARAM EASTGODAVARI-533294,"Children,Education & Literacy,Women's Development & Empowerment,Environment & Forests,Water Resources,Panchayati Raj,Rural Development & Poverty Alleviation"
5,A & A EDUCATIONAL AND IT SOLUTIONS,"106 OF 2013 , VIZIANAGARAM (ANDHRA PRADESH)","PLOT NO. 170, VENKATESWARA COLONY,
PADMAVATI NAGAR,
VIZIANAGARAM","Food Processing,Science & Technology,Vocational Training,Any Other"
6,A G R A,"987/1995, ANANTAPUR (ANDHRA PRADESH)","13-2-264
RAMACHANDRA NAGAR
ANANTAPUR - 515 001
ANDHRA PRADESH","Agriculture,Art & Culture,Biotechnology,Children,Drinking Water,Education & Literacy,Aged/Elderly,Environment & Forests,Food Processing,Health & Family Welfare,HIV/AIDS,Human Rights,Legal Awareness & Aid,Micro Small & Medium Enterprises,Panchayati Raj,Rural Development & Poverty Alleviation,Science & Technology,Tribal Affairs,Women's Development & Empowerment"
7,A N R HELPING HANDS WELFARE ASSOCIATION,"627 OF 2019, VISAKHAPATNAM (ANDHRA PRADESH)","14-19-8, BHANOJI THOTA BC ROAD NEW GAJUWAKA",Data Not Found
8,A S N RAJU SOCIETY FOR SOCIAL WELFARE AND RURAL DEVELOPMENT,"245 OF 2018, BHIMAVARAM (ANDHRA PRADESH)","ASN RAJU SOCIETY FOR SOCIAL WELFARE AND RURAL DEVELOPMENT, D.NO: 2-1-50, FLAT NO: 502, SVR TOWERS, JUVVALAPALEM ROAD, BHIMAVARAM, WEST GODAVARI DISTRICT, ANDHRA PRADESH, INDIA","Agriculture,Animal Husbandry, Dairying  &  Fisheries,Biotechnology,Children,Dalit Upliftment,Differently Abled,Drinking Water,Education & Literacy,Aged/Elderly,Environment & Forests,Food Processing,Health & Family Welfare,HIV/AIDS,Housing,Labour & Employment,Legal Awareness & Aid,Micro Finance (SHGs),Micro Small & Medium Enterprises,New & Renewable Energy,Nutrition,Rural Development & Poverty Alleviation,Science & Technology,Scientific & Industrial Research,Sports,Tourism,Urban Development & Poverty Alleviation,Vocational Training,Water Resources,Women's Development & Empowerment,Youth Affairs"
9,A SOUTH INDIA RURAL WOMENS ASSOCIATION FOR DEVELOPMENT,"10 OF 1996, KANDUKUR (ANDHRA PRADESH)",BRUNDAVANAM KANDUKUR,Women's Development & Empowerment
10,AADARANA,"B.K.IV.185/2022, TIRUPATI (ANDHRA PRADESH)","Flat No.104, First Floor, Garuda Gate Way Apartment, Upparapalli Check Post, Tirupati Rural, Tirupati District, Andhra Pradesh, INDIA, Pin:517502","Children,Education & Literacy,Health & Family Welfare,Human Rights,Rural Development & Poverty Alleviation,Vocational Training,Women's Development & Empowerment,Skill Development"
1,AALO YIJO WOMEN WELFARE SOCIETY,"NO.SR/ITA/5390, AALO (ARUNACHAL PRADESH)","AALO YIJO COLONY, AALO WEST SIANG DIST. ARUNACHAL PRADESH",Data Not Found
2,AANE SIANG SOCIETY,"SR/ITA/4660, Jomlo Mobuk (ARUNACHAL PRADESH)","Jomlo Mobuk, District: Siang, Arunachal Pradesh-791003","Art & Culture,Education & Literacy,Aged/Elderly,Health & Family Welfare,Vocational Training,Women's Development & Empowerment"
3,AARRO WELFARE SOCIETY,"SR/ITA/1389, Yingkiong (ARUNACHAL PRADESH)","Yahung Tekseng Simar Colony Yingkiong PO/PS Yingkiong -791002
District Upper Siang Arunachal Pradesh","Art & Culture,Environment & Forests,Health & Family Welfare,HIV/AIDS"
4,ABO TANI ORPHAN HOPES FOR LIFE FOUNDATION,"SR/ITA/7377, PAPUM PARE (ARUNACHAL PRADESH)","DOIMUKH,PAPUM PARE PIN-791112
ARUNACHAL PRADESH",Data Not Found
5,abo tani philanthropic mission,"SR/ITA/2971, Aalo (ARUNACHAL PRADESH)",near st xaviers international school. old agri farm. bogdo. PO.PS Aalo,"Agriculture,Animal Husbandry, Dairying  &  Fisheries,Art & Culture,Children,Disaster Management,Education & Literacy,Environment & Forests,Science & Technology,Vocational Training,Women's Development & Empowerment"
6,ABO-TANI EDUCATIONAL & CULTURAL SOCIETY,"SR/ITA/277, DAPORIJO (ARUNACHAL PRADESH)","DAPORIJO, UPPER SUBANSIRI DISTRICT, ARUNACHAL PRADESH","Agriculture,Children,Disaster Management,Drinking Water,Health & Family Welfare,Information & Communication Technology,Legal Awareness & Aid,Micro Finance (SHGs),Micro Small & Medium Enterprises,Right to Information & Advocacy,Rural Development & Poverty Alleviation,Science & Technology,Tourism,Tribal Affairs,Urban Development & Poverty Alleviation,Vocational Training,Water Resources,Women's Development & Empowerment,Youth Affairs,Any Other"
7,Abotani Ashram Welfare Association,"084-SR/ITA/162, Naharlagun (ARUNACHAL PRADESH)","GExtn., Dam Site, Near St Thomas School P.O.- Naharlagun, Distt. - Papumpare-791110
Arunachal Pradesh.","Art & Culture,Civic Issues,Youth Affairs,Education & Literacy,Vocational Training"
8,Abralow Memorial Multipurpose Society,"SR-ITA-2247, Roing (ARUNACHAL PRADESH)","ABRALOW MEMORIAL MULTIPURPOSE SOCIETY HEAD OFFICE : HUNLI, CORRESPONDENCE / BRANCH OFFICE : EZENGO, ROING ,DISTRICT : LOWER DIBANG VALLEY ,ARUNACHAL PRADESH, PIN-792110","Animal Husbandry, Dairying  &  Fisheries,Aged/Elderly,Agriculture,Art & Culture,Biotechnology,Children,Civic Issues,Differently Abled,Disaster Management,Dalit Upliftment,Drinking Water,Education & Literacy,Environment & Forests,Food Processing,Health & Family Welfare,HIV/AIDS,Housing,Human Rights,Information & Communication Technology,Legal Awareness & Aid,Labour & Employment,Land Resources,Micro Finance (SHGs),Minority Issues,Micro Small & Medium Enterprises"
9,ABU TALANG MEMORIAL SOCIETY,"SR/ITA/3172, ITANAGAR (ARUNACHAL PRADESH)","H.Q P SECTOR, NEAR QTR N. 58 (TYPE III)
PO ITANAGAR
DIST PAPUM PARE
STATE ARUNACHAL PRADESH
PIN NO 791111","Agriculture,Animal Husbandry, Dairying  &  Fisheries,Art & Culture,Biotechnology,Children,Civic Issues,Disaster Management,Drinking Water,Education & Literacy,Health & Family Welfare,Human Rights,Information & Communication Technology,Micro Finance (SHGs),Right to Information & Advocacy,Vocational Training,Water Resources,Women's Development & Empowerment,Youth Affairs,Any Other"
10,Achukuru Welfare Society,"SR/ITA/888, Ziro (ARUNACHAL PRADESH)","Ziro, P.O. Ziro","Children,Differently Abled,Aged/Elderly,Rural Development & Poverty Alleviation,Tourism,Vocational Training,Women's Development & Empowerment,Any Other"
